record_id,year,month,report_date,period_type,geo_level,location_name,region_id,region_name_vn,sector,commodity,sub_item,attribute,value,unit,data_type,source_file,appendix_number,appendix_title,row_number,extraction_confidence,notes,is_aggregated,data_status
56d69cc1-e879-402d-b46e-b3fbb304ef7c,2008,2,2008-02-15,Seasonal,Provincial,cả nước,,,Cultivation,lúa,Đông Xuân,Area_Planted,2180.5,1000_ha,Actual,2009_02_PHULUC_t02_2009_FINAL_PL1.md,PL1,TỔNG HỢP KẾT QUẢ SẢN XUẤT NÔNG NGHIỆP,2,0.9,Original text: 1. Gieo cấy lúa đông xuân cả nước,False,Complete
46f2915b-bef9-4919-abe2-b8a586e786a3,2008,2,2008-02-15,Monthly,National,cả nước,,,Cultivation,cây công nghiệp ngắn ngày,,Area_Planted,180.3,1000_ha,Actual,2009_02_PHULUC_t02_2009_FINAL_PL1.md,PL1,TỔNG HỢP KẾT QUẢ SẢN XUẤT NÔNG NGHIỆP,14,0.9,Original text: 4. Gieo trồng cây công nghiệp ngắn ngày(,True,Complete
a70f5b83-53ab-45fb-8644-b67b0a514f84,2008,2,2008-02-15,Monthly,National,cả nước,,,Cultivation,khoai lang,,Area_Planted,79.5,1000_ha,Actual,2009_02_PHULUC_t02_2009_FINAL_PL1.md,PL1,TỔNG HỢP KẾT QUẢ SẢN XUẤT NÔNG NGHIỆP,12,0.9,Original text: - Khoai lang,True,Complete
6131f14c-f2d2-4275-a01c-548eff395328,2008,2,2008-02-15,Monthly,National,cả nước,,,Cultivation,lạc,,Area_Planted,79.7,1000_ha,Actual,2009_02_PHULUC_t02_2009_FINAL_PL1.md,PL1,TỔNG HỢP KẾT QUẢ SẢN XUẤT NÔNG NGHIỆP,16,0.9,Original text: - Lạc,True,Complete
a340b981-1379-4423-b356-1191da6e4cf7,2008,2,2008-02-15,Monthly,National,cả nước,,,Cultivation,,,Area_Planted,398.0,1000_ha,Actual,2009_02_PHULUC_t02_2009_FINAL_PL1.md,PL1,TỔNG HỢP KẾT QUẢ SẢN XUẤT NÔNG NGHIỆP,10,0.9,Original text: 3. Gieo trồng màu lương thực(),True,Complete
a8dd4602-11ca-4f44-b002-ee0462db7b31,2008,2,2008-02-15,Monthly,National,cả nước,,,Cultivation,,,Area_Planted,306.7,1000_ha,Actual,2009_02_PHULUC_t02_2009_FINAL_PL1.md,PL1,TỔNG HỢP KẾT QUẢ SẢN XUẤT NÔNG NGHIỆP,17,0.9,"Original text: 5. Gieo trồng rau, đậu các loại()",True,Complete
857220ae-be70-457b-a34e-f18c2120e37b,2008,2,2008-02-15,Monthly,National,cả nước,,,Cultivation,sắn,,Area_Planted,50.2,1000_ha,Actual,2009_02_PHULUC_t02_2009_FINAL_PL1.md,PL1,TỔNG HỢP KẾT QUẢ SẢN XUẤT NÔNG NGHIỆP,13,0.9,Original text: - Sắn,True,Complete
4cdc2240-3bef-49dc-af94-903a20481edc,2008,2,2008-02-15,Seasonal,Regional,miền nam,,,Cultivation,lúa,Đông Xuân,Area_Harvested,256.7,1000_ha,Actual,2009_02_PHULUC_t02_2009_FINAL_PL1.md,PL1,TỔNG HỢP KẾT QUẢ SẢN XUẤT NÔNG NGHIỆP,8,0.9,Original text: 2. Thu hoạch lúa đông xuân ở miền Nam,True,Complete
085a400b-d3b0-4d9a-aaaf-150ac4de8ae5,2008,3,2008-03-15,Seasonal,Provincial,cả nước,,,Cultivation,lúa,Đông Xuân,Area_Planted,2931.7,1000_ha,Actual,2009_03_PHULUC_T03_2009_FINAL_PL1.md,PL1,TỔNG HỢP KẾT QUẢ SẢN XUẤT NÔNG NGHIỆP,2,0.9,Original text: 1. Gieo cấy lúa đông xuân cả nước,False,Complete
1261fb88-75ed-48d5-ae95-8d913bcf9b4e,2008,3,2008-03-15,Monthly,National,cả nước,,,Cultivation,cây công nghiệp ngắn ngày,,Area_Planted,334.5,1000_ha,Actual,2009_03_PHULUC_T03_2009_FINAL_PL1.md,PL1,TỔNG HỢP KẾT QUẢ SẢN XUẤT NÔNG NGHIỆP,15,0.9,Original text: 5. Gieo trồng cây công nghiệp ngắn ngày(*),True,Complete
8f0514b2-0087-4cfb-bafa-dbc42dde6ed5,2008,3,2008-03-15,Monthly,National,cả nước,,,Cultivation,khoai lang,,Area_Planted,92.6,1000_ha,Actual,2009_03_PHULUC_T03_2009_FINAL_PL1.md,PL1,TỔNG HỢP KẾT QUẢ SẢN XUẤT NÔNG NGHIỆP,13,0.9,Original text: - Khoai lang,True,Complete
820466a0-1306-4560-aa63-d21b32081d14,2008,3,2008-03-15,Monthly,National,cả nước,,,Cultivation,lạc,,Area_Planted,168.1,1000_ha,Actual,2009_03_PHULUC_T03_2009_FINAL_PL1.md,PL1,TỔNG HỢP KẾT QUẢ SẢN XUẤT NÔNG NGHIỆP,17,0.9,Original text: - Lạc,True,Complete
1df1e820-87d3-4d5c-831b-a58939f7c170,2008,3,2008-03-15,Monthly,National,cả nước,,,Cultivation,mía,,Area_Planted,50.2,1000_ha,Actual,2009_03_PHULUC_T03_2009_FINAL_PL1.md,PL1,TỔNG HỢP KẾT QUẢ SẢN XUẤT NÔNG NGHIỆP,18,0.9,Original text: - Mía (trồng mới),True,Complete
de88c0fa-e99b-4873-a7b8-62469df85828,2008,3,2008-03-15,Monthly,National,cả nước,,,Cultivation,,,Area_Planted,339.6,1000_ha,Actual,2009_03_PHULUC_T03_2009_FINAL_PL1.md,PL1,TỔNG HỢP KẾT QUẢ SẢN XUẤT NÔNG NGHIỆP,20,0.9,"Original text: 6. Gieo trồng rau, đậu các loại(*)",True,Complete
71de22ee-4fe7-47b3-9a6c-491933e07a4b,2008,3,2008-03-15,Monthly,National,cả nước,,,Cultivation,sắn,,Area_Planted,105.4,1000_ha,Actual,2009_03_PHULUC_T03_2009_FINAL_PL1.md,PL1,TỔNG HỢP KẾT QUẢ SẢN XUẤT NÔNG NGHIỆP,14,0.9,Original text: - Sắn,True,Complete
cd57ebde-73aa-44fa-a267-81da2aa7bb09,2008,3,2008-03-15,Seasonal,Regional,miền nam,,,Cultivation,lúa,Đông Xuân,Area_Harvested,992.0,1000_ha,Actual,2009_03_PHULUC_T03_2009_FINAL_PL1.md,PL1,TỔNG HỢP KẾT QUẢ SẢN XUẤT NÔNG NGHIỆP,8,0.9,Original text: 2. Thu hoạch lúa đông xuân miền Nam,True,Complete
ce5e705b-3ade-41b8-8773-9f8fec33b98e,2008,4,2008-04-15,Monthly,National,cả nước,,,Cultivation,khoai lang,,Area_Planted,86.8,1000_ha,Actual,2009_04_PHULUC_T04_2009_PL1.md,PL1,TỔNG HỢP KẾT QUẢ SẢN XUẤT NÔNG NGHIỆP,10,0.9,Original text: -  Khoai lang,True,Complete
f8491c36-6eda-46cd-b8c8-b6182dcd3131,2008,4,2008-04-15,Monthly,National,cả nước,,,Cultivation,lạc,,Area_Planted,172.2,1000_ha,Actual,2009_04_PHULUC_T04_2009_PL1.md,PL1,TỔNG HỢP KẾT QUẢ SẢN XUẤT NÔNG NGHIỆP,14,0.9,Original text: -  Lạc,True,Complete
18930496-ea38-4c50-8e95-59fe1a6080a6,2008,4,2008-04-15,Monthly,National,cả nước,,,Cultivation,,,Area_Planted,745.4,1000_ha,Actual,2009_04_PHULUC_T04_2009_PL1.md,PL1,TỔNG HỢP KẾT QUẢ SẢN XUẤT NÔNG NGHIỆP,8,0.9,Original text: 3.1. Gieo trồng màu lương thực,True,Complete
45994520-682f-4df3-bdb1-f5c7a0dac5e6,2008,4,2008-04-15,Monthly,National,cả nước,,,Cultivation,,,Area_Planted,432.0,1000_ha,Actual,2009_04_PHULUC_T04_2009_PL1.md,PL1,TỔNG HỢP KẾT QUẢ SẢN XUẤT NÔNG NGHIỆP,16,0.9,"Original text: 4. Gieo trồng rau, đậu các loại",True,Complete
82a9f56e-2bb6-4668-88d8-6e3c846fdd36,2008,4,2008-04-15,Monthly,National,cả nước,,,Cultivation,sắn,,Area_Planted,159.2,1000_ha,Actual,2009_04_PHULUC_T04_2009_PL1.md,PL1,TỔNG HỢP KẾT QUẢ SẢN XUẤT NÔNG NGHIỆP,11,0.9,Original text: -  Sắn,True,Complete
0927cf97-6059-4243-aad1-3b66bcf0f26e,2008,4,2008-04-15,Seasonal,Regional,miền nam,,,Cultivation,lúa,Hè Thu,Area_Planted,441.2,1000_ha,Actual,2009_04_PHULUC_T04_2009_PL1.md,PL1,TỔNG HỢP KẾT QUẢ SẢN XUẤT NÔNG NGHIỆP,3,0.9,Original text: 1. Gieo cấy lúa hè thu miền Nam,True,Complete
0b93c60b-798e-404c-9dae-f163566ac5b3,2008,4,2008-04-15,Seasonal,Regional,miền nam,,,Cultivation,lúa,Đông Xuân,Area_Harvested,1653.2,1000_ha,Actual,2009_04_PHULUC_T04_2009_PL1.md,PL1,TỔNG HỢP KẾT QUẢ SẢN XUẤT NÔNG NGHIỆP,5,0.9,Original text: 2. Thu hoạch lúa đông xuân miền Nam,True,Complete
429618c1-b016-4c97-84ca-d2e278b402ad,2008,5,2008-05-15,Monthly,National,cả nước,,,Cultivation,cây công nghiệp ngắn ngày,,Area_Planted,465.4,1000_ha,Actual,2009_05_PHULUC_T05_2009_PL1.md,PL1,TỔNG HỢP KẾT QUẢ SẢN XUẤT NÔNG NGHIỆP,15,0.9,Original text: 3.2. Gieo trồng cây công nghiệp ngắn ngày,True,Complete
6396fa42-4a1d-4f05-90bc-0b92bd263554,2008,5,2008-05-15,Monthly,National,cả nước,,,Cultivation,khoai lang,,Area_Planted,99.4,1000_ha,Actual,2009_05_PHULUC_T05_2009_PL1.md,PL1,TỔNG HỢP KẾT QUẢ SẢN XUẤT NÔNG NGHIỆP,13,0.9,Original text: - Khoai lang,True,Complete
62a5c8f5-b2f7-4a74-ba0d-6e11db8b94d5,2008,5,2008-05-15,Monthly,National,cả nước,,,Cultivation,,,Area_Planted,1089.5,1000_ha,Actual,2009_05_PHULUC_T05_2009_PL1.md,PL1,TỔNG HỢP KẾT QUẢ SẢN XUẤT NÔNG NGHIỆP,11,0.9,Original text: 3.1 Gieo trồng màu lương thực,True,Complete
f5bdbd11-6b99-4d4f-a13e-9586b9652a9a,2008,5,2008-05-15,Monthly,National,cả nước,,,Cultivation,mía,,Area_Planted,102.3,1000_ha,Actual,2009_05_PHULUC_T05_2009_PL1.md,PL1,TỔNG HỢP KẾT QUẢ SẢN XUẤT NÔNG NGHIỆP,19,0.9,Original text: - Mía (trồng mới),True,Complete
1e2cd056-f30a-4b9d-957d-1933ae9a6967,2008,5,2008-05-15,Monthly,National,cả nước,,,Cultivation,,,Area_Planted,501.2,1000_ha,Actual,2009_05_PHULUC_T05_2009_PL1.md,PL1,TỔNG HỢP KẾT QUẢ SẢN XUẤT NÔNG NGHIỆP,20,0.9,"Original text: 4. Gieo trồng rau, đậu các loại",True,Complete
d630a378-c94b-4acd-b649-02b29bfa083e,2008,5,2008-05-15,Monthly,National,cả nước,,,Cultivation,sắn,,Area_Planted,250.9,1000_ha,Actual,2009_05_PHULUC_T05_2009_PL1.md,PL1,TỔNG HỢP KẾT QUẢ SẢN XUẤT NÔNG NGHIỆP,14,0.9,Original text: - Sắn,True,Complete
50c25173-c4b4-4d82-8711-f0203d5f9770,2008,5,2008-05-15,Monthly,National,cả nước,,,Cultivation,đậu tương,,Area_Planted,129.8,1000_ha,Actual,2009_05_PHULUC_T05_2009_PL1.md,PL1,TỔNG HỢP KẾT QUẢ SẢN XUẤT NÔNG NGHIỆP,17,0.9,Original text: - Đậu tương,True,Complete
a7f61f18-69a8-4982-b517-bf1e04e13732,2008,5,2008-05-15,Seasonal,Regional,miền nam,,,Cultivation,lúa,Hè Thu,Area_Planted,1344.6,1000_ha,Actual,2009_05_PHULUC_T05_2009_PL1.md,PL1,TỔNG HỢP KẾT QUẢ SẢN XUẤT NÔNG NGHIỆP,3,0.9,Original text: 1. Gieo cấy lúa hè thu miền Nam,True,Complete
cbf22df0-08f9-4586-aace-6fdf743d42ce,2008,5,2008-05-15,Seasonal,Regional,miền nam,,,Cultivation,lúa,Đông Xuân,Area_Harvested,1844.1,1000_ha,Actual,2009_05_PHULUC_T05_2009_PL1.md,PL1,TỔNG HỢP KẾT QUẢ SẢN XUẤT NÔNG NGHIỆP,5,0.9,Original text: 2. Thu hoạch lúa đông xuân ở miền Nam,True,Complete
47bd4dbe-c980-405a-8360-6d5492a2b5b5,2008,6,2008-06-15,Seasonal,Provincial,cả nước,,,Cultivation,lúa,Hè Thu,Area_Planted,2016.8,1000_ha,Actual,2009_06_PHULUC_T06_2009_PL1.md,PL1,TỔNG HỢP KẾT QUẢ SẢN XUẤT NÔNG NGHIỆP,6,0.9,"Original text: 2. Gieo cấy lúa hè thu cả nước2,044.9",False,Complete
e8dfb971-b8ce-419b-be74-0b36df3678ec,2008,6,2008-06-15,Monthly,National,cả nước,,,Cultivation,khoai lang,,Area_Planted,112.9,1000_ha,Actual,2009_06_PHULUC_T06_2009_PL1.md,PL1,TỔNG HỢP KẾT QUẢ SẢN XUẤT NÔNG NGHIỆP,13,0.9,Original text: - Khoai lang111.5,True,Complete
5be215e6-7111-4771-b3e4-d008fa32e02c,2008,6,2008-06-15,Monthly,National,cả nước,,,Cultivation,,,Area_Planted,1222.8,1000_ha,Actual,2009_06_PHULUC_T06_2009_PL1.md,PL1,TỔNG HỢP KẾT QUẢ SẢN XUẤT NÔNG NGHIỆP,11,0.9,"Original text: 3.1 Gieo trồng màu lương thực1,226.5",True,Complete
57984250-5e21-45bb-9bb0-c43f8450e5e8,2008,6,2008-06-15,Monthly,National,cả nước,,,Cultivation,mía,,Area_Planted,150.7,1000_ha,Actual,2009_06_PHULUC_T06_2009_PL1.md,PL1,TỔNG HỢP KẾT QUẢ SẢN XUẤT NÔNG NGHIỆP,19,0.9,Original text: - Mía (trồng mới)143.8,True,Complete
fac3d7df-4a4e-4ed2-9d74-6e9e4a3af924,2008,6,2008-06-15,Monthly,National,cả nước,,,Cultivation,ngô,,Area_Planted,2051.0,1000_ha,Actual,2009_06_PHULUC_T06_2009_PL1.md,PL1,TỔNG HỢP KẾT QUẢ SẢN XUẤT NÔNG NGHIỆP,25,0.9,Original text: Ngô,True,Complete
fd324546-8d6e-4f23-ad10-badc472b792a,2008,6,2008-06-15,Monthly,National,cả nước,,,Cultivation,,,Area_Planted,533.6,1000_ha,Actual,2009_06_PHULUC_T06_2009_PL1.md,PL1,TỔNG HỢP KẾT QUẢ SẢN XUẤT NÔNG NGHIỆP,20,0.9,"Original text: 3.3 Gieo trồng rau, đậu các loại",True,Complete
0a3b8caa-40ac-40ac-b6fa-2bd923b6678e,2008,6,2008-06-15,Monthly,National,cả nước,,,Cultivation,sắn,,Area_Planted,306.2,1000_ha,Actual,2009_06_PHULUC_T06_2009_PL1.md,PL1,TỔNG HỢP KẾT QUẢ SẢN XUẤT NÔNG NGHIỆP,14,0.9,Original text: - Sắn295.2,True,Complete
fa06f441-beae-4698-b9e3-ea18d0cd4a4c,2008,6,2008-06-15,Monthly,National,cả nước,,,Cultivation,đậu tương,,Area_Planted,137.9,1000_ha,Actual,2009_06_PHULUC_T06_2009_PL1.md,PL1,TỔNG HỢP KẾT QUẢ SẢN XUẤT NÔNG NGHIỆP,17,0.9,Original text: - Đậu tương,True,Complete
d15312d0-ea37-4b7c-b78b-371089c57cb3,2008,6,2008-06-15,Seasonal,Regional,miền bắc,North,Miền Bắc,Cultivation,lúa,Đông Xuân,Area_Harvested,969.4,1000_ha,Actual,2009_06_PHULUC_T06_2009_PL1.md,PL1,TỔNG HỢP KẾT QUẢ SẢN XUẤT NÔNG NGHIỆP,3,0.9,Original text: 1. Thu hoạch lúa đông xuân miền Bắc658.8,True,Complete
d9041160-a5d0-40a5-95af-f8c6f27b7e83,2008,7,2008-07-15,Seasonal,Provincial,cả nước,,,Cultivation,lúa,Mùa,Area_Planted,1140.7,1000_ha,Actual,2009_07_PHULUC_T07_2009_PL1.md,PL1,TỔNG HỢP KẾT QUẢ SẢN XUẤT NÔNG NGHIỆP,4,0.9,Original text: 2. Gieo cấy lúa mùa cả nước,False,Complete
c786854b-be75-4ee1-8c71-151abe33d82d,2008,7,2008-07-15,Monthly,National,cả nước,,,Cultivation,cây công nghiệp ngắn ngày,,Area_Planted,553.6,1000_ha,Actual,2009_07_PHULUC_T07_2009_PL1.md,PL1,TỔNG HỢP KẾT QUẢ SẢN XUẤT NÔNG NGHIỆP,14,0.9,Original text: 3.2 Gieo trồng cây công nghiệp ngắn ngày,True,Complete
e215f973-2ce2-411b-922c-d4b4fb7aa0af,2008,7,2008-07-15,Monthly,National,cả nước,,,Cultivation,khoai lang,,Area_Planted,113.5,1000_ha,Actual,2009_07_PHULUC_T07_2009_PL1.md,PL1,TỔNG HỢP KẾT QUẢ SẢN XUẤT NÔNG NGHIỆP,12,0.9,Original text: - Khoai lang,True,Complete
04416cd8-6123-4c2a-b8da-237d39c083e6,2008,7,2008-07-15,Monthly,National,cả nước,,,Cultivation,,,Area_Planted,1359.0,1000_ha,Actual,2009_07_PHULUC_T07_2009_PL1.md,PL1,TỔNG HỢP KẾT QUẢ SẢN XUẤT NÔNG NGHIỆP,10,0.9,Original text: 3.1 Gieo trồng màu lương thực,True,Complete
e4fb9ebe-57b9-4652-8237-b023a67c0dda,2008,7,2008-07-15,Monthly,National,cả nước,,,Cultivation,mía,,Area_Planted,147.8,1000_ha,Actual,2009_07_PHULUC_T07_2009_PL1.md,PL1,TỔNG HỢP KẾT QUẢ SẢN XUẤT NÔNG NGHIỆP,18,0.9,Original text: -  Mía (trồng mới),True,Complete
486c36e3-bb62-4293-994e-972e5da2f923,2008,7,2008-07-15,Monthly,National,cả nước,,,Cultivation,,,Area_Planted,559.8,1000_ha,Actual,2009_07_PHULUC_T07_2009_PL1.md,PL1,TỔNG HỢP KẾT QUẢ SẢN XUẤT NÔNG NGHIỆP,19,0.9,"Original text: 3.3 Gieo trồng rau, đậu các loại",True,Complete
c4ef2400-eb2c-4333-9818-0e46507165cc,2008,7,2008-07-15,Monthly,National,cả nước,,,Cultivation,sắn,,Area_Planted,424.5,1000_ha,Actual,2009_07_PHULUC_T07_2009_PL1.md,PL1,TỔNG HỢP KẾT QUẢ SẢN XUẤT NÔNG NGHIỆP,13,0.9,Original text: - Sắn,True,Complete
96fdece4-f1e1-4573-b1c6-4feb9ddceeaa,2008,7,2008-07-15,Monthly,National,cả nước,,,Cultivation,đậu tương,,Area_Planted,145.8,1000_ha,Actual,2009_07_PHULUC_T07_2009_PL1.md,PL1,TỔNG HỢP KẾT QUẢ SẢN XUẤT NÔNG NGHIỆP,16,0.9,Original text: -  Đậu tương,True,Complete
827c654d-6b65-45bb-a0fb-f33d31790660,2008,7,2008-07-15,Seasonal,Regional,miền nam,,,Cultivation,lúa,Hè Thu,Area_Harvested,578.1,1000_ha,Actual,2009_07_PHULUC_T07_2009_PL1.md,PL1,TỔNG HỢP KẾT QUẢ SẢN XUẤT NÔNG NGHIỆP,2,0.9,Original text: 1. Thu hoạch lúa hè thu miền Nam,True,Complete
5aad488b-dbc5-459b-98a9-0aa4ffe1f67c,2008,8,2008-08-15,Monthly,National,cả nước,,,Cultivation,lạc,,Area_Planted,235.6,1000_ha,Actual,2009_08_PHULUC_T08_2009_PL1.md,PL1,TỔNG HỢP KẾT QUẢ SẢN XUẤT NÔNG NGHIỆP,13,0.9,Original text: Trong đó:  ‐  Lạc,True,Complete
2103cb10-bf9b-4c9c-9903-c0b5cba27811,2008,8,2008-08-15,Monthly,National,cả nước,,,Cultivation,ngô,,Area_Planted,831.9,1000_ha,Actual,2009_08_PHULUC_T08_2009_PL1.md,PL1,TỔNG HỢP KẾT QUẢ SẢN XUẤT NÔNG NGHIỆP,9,0.9,Original text: Trong đó: ‐ Ngô,True,Complete
214bcf67-6263-4e70-bde7-9db49cb317ce,2008,8,2008-08-15,Monthly,National,cả nước,,,Cultivation,,,Area_Planted,614.4,1000_ha,Actual,2009_08_PHULUC_T08_2009_PL1.md,PL1,TỔNG HỢP KẾT QUẢ SẢN XUẤT NÔNG NGHIỆP,16,0.9,"Original text: 3.3 Gieo trồng rau, đậu các loại",True,Complete
1c0a786d-7ef7-4a69-b35a-e839762c7a83,2008,8,2008-08-15,Monthly,National,cả nước,,,Cultivation,sắn,,Area_Planted,411.9,1000_ha,Actual,2009_08_PHULUC_T08_2009_PL1.md,PL1,TỔNG HỢP KẾT QUẢ SẢN XUẤT NÔNG NGHIỆP,11,0.9,Original text: ‐ Sắn,True,Complete
9d0bfea1-9e1b-4d66-a7ce-b10d38898d48,2008,8,2008-08-15,Seasonal,Provincial,cả nước,,,Cultivation,lúa,Mùa,Area_Planted,1464.2,1000_ha,Actual,2009_08_PHULUC_T08_2009_PL1.md,PL1,TỔNG HỢP KẾT QUẢ SẢN XUẤT NÔNG NGHIỆP,4,0.9,Original text: 2. Gieo cấy lúa mùa cả nước,False,Complete
999a4402-a7ba-42cf-8df4-00b631bdb72d,2008,8,2008-08-15,Monthly,Regional,miền nam,,,Cultivation,lúa,,Area_Planted,1223.8,1000_ha,Actual,2009_08_PHULUC_T08_2009_PL1.md,PL1,TỔNG HỢP KẾT QUẢ SẢN XUẤT NÔNG NGHIỆP,2,0.9,Original text: 1. Thu hoạch lúa hè thu miền Nam,True,Complete
852cbc87-7f57-43d1-a5ea-86ab2878a1ec,2008,10,2008-10-15,Monthly,National,cả nước,,,Cultivation,khoai lang,,Area_Planted,35.7,1000_ha,Actual,2009_10_PHULUC_T10_2009_FINAL_PL1.md,PL1,TỔNG HỢP KẾT QUẢ SẢN XUẤT NÔNG NGHIỆP,11,0.9,Original text: - Khoai lang,True,Complete
81115fd4-a1bb-4336-a74a-4f249638d00f,2008,10,2008-10-15,Monthly,National,cả nước,,,Cultivation,lạc,,Area_Planted,8.1,1000_ha,Actual,2009_10_PHULUC_T10_2009_FINAL_PL1.md,PL1,TỔNG HỢP KẾT QUẢ SẢN XUẤT NÔNG NGHIỆP,13,0.9,Original text: - Lạc,True,Complete
38ee16ed-4ade-4c8b-9292-c9cf7a514d1a,2008,10,2008-10-15,Monthly,National,cả nước,,,Cultivation,,,Area_Planted,68.7,1000_ha,Actual,2009_10_PHULUC_T10_2009_FINAL_PL1.md,PL1,TỔNG HỢP KẾT QUẢ SẢN XUẤT NÔNG NGHIỆP,14,0.9,"Original text: - Rau, đậu các loại",True,Complete
a0195cb1-9ecb-40ca-9778-ac1605ca2cb4,2008,10,2008-10-15,Monthly,National,cả nước,,,Cultivation,đậu tương,,Area_Planted,68.8,1000_ha,Actual,2009_10_PHULUC_T10_2009_FINAL_PL1.md,PL1,TỔNG HỢP KẾT QUẢ SẢN XUẤT NÔNG NGHIỆP,12,0.9,Original text: - Đậu tương,True,Complete
e61a25f3-1fd1-4a19-8c7b-7581ab168b18,2008,10,2008-10-15,Seasonal,Regional,miền bắc,North,Miền Bắc,Cultivation,lúa,Mùa,Area_Harvested,704.7,1000_ha,Actual,2009_10_PHULUC_T10_2009_FINAL_PL1.md,PL1,TỔNG HỢP KẾT QUẢ SẢN XUẤT NÔNG NGHIỆP,2,0.9,Original text: 1. Thu hoạch lúa mùa ở miền Bắc,True,Complete
49be970f-bb51-4657-b8e0-5824e0e1e3bf,2008,10,2008-10-15,Seasonal,Regional,miền nam,,,Cultivation,lúa,Mùa,Area_Planted,774.5,1000_ha,Actual,2009_10_PHULUC_T10_2009_FINAL_PL1.md,PL1,TỔNG HỢP KẾT QUẢ SẢN XUẤT NÔNG NGHIỆP,5,0.9,Original text: 2. Gieo cấy lúa mùa ở miền Nam,True,Complete
6c279432-4087-407c-ac88-551611f209c0,2008,10,2008-10-15,Seasonal,Regional,miền nam,,,Cultivation,lúa,Đông Xuân,Area_Planted,234.9,1000_ha,Actual,2009_10_PHULUC_T10_2009_FINAL_PL1.md,PL1,TỔNG HỢP KẾT QUẢ SẢN XUẤT NÔNG NGHIỆP,7,0.9,Original text: 3. Gieo cấy lúa đông xuân ở miền Nam,True,Complete
8ab9c6d6-9c92-4f37-a378-3a6d027e9a62,2008,11,2008-11-15,Seasonal,Provincial,cả nước,,,Cultivation,lúa,Mùa,Area_Harvested,1455.9,1000_ha,Actual,2009_11_PHULUC_T11_2009_FINAL_PL1.md,PL1,TỔNG HỢP KẾT QUẢ SẢN XUẤT NÔNG NGHIỆP,1,0.9,Original text: 1. Thu hoạch lúa mùa cả nước,False,Complete
4c32a61b-94d2-4528-aae4-8f862b10318c,2008,11,2008-11-15,Monthly,National,cả nước,,,Cultivation,khoai lang,,Area_Planted,55.6,1000_ha,Actual,2009_11_PHULUC_T11_2009_FINAL_PL1.md,PL1,TỔNG HỢP KẾT QUẢ SẢN XUẤT NÔNG NGHIỆP,10,0.9,Original text: - Khoai lang,True,Complete
9d0ef820-3057-4b4b-9e6b-4969a49cff20,2008,11,2008-11-15,Monthly,National,cả nước,,,Cultivation,,,Area_Planted,100.4,1000_ha,Actual,2009_11_PHULUC_T11_2009_FINAL_PL1.md,PL1,TỔNG HỢP KẾT QUẢ SẢN XUẤT NÔNG NGHIỆP,12,0.9,"Original text: - Rau, đậu các loại",True,Complete
02c7f54a-c893-4abe-90d9-529f7f14ff74,2008,11,2008-11-15,Monthly,National,cả nước,,,Cultivation,đậu tương,,Area_Planted,78.0,1000_ha,Actual,2009_11_PHULUC_T11_2009_FINAL_PL1.md,PL1,TỔNG HỢP KẾT QUẢ SẢN XUẤT NÔNG NGHIỆP,11,0.9,Original text: - Đậu tương,True,Complete
355fa403-5193-41d1-a4ce-995c00c9a2aa,2008,11,2008-11-15,Seasonal,Regional,miền nam,,,Cultivation,lúa,Đông Xuân,Area_Planted,274.6,1000_ha,Actual,2009_11_PHULUC_T11_2009_FINAL_PL1.md,PL1,TỔNG HỢP KẾT QUẢ SẢN XUẤT NÔNG NGHIỆP,6,0.9,Original text: 2. Gieo cấy lúa đông xuân ở miền Nam,True,Complete
274880d7-688a-40e3-b4f5-c9391a6243f7,2008,12,2008-12-15,Monthly,National,cả nước,,,Cultivation,khoai lang,,Area_Planted,62.9,1000_ha,Actual,2009_12_Phuluc_T12_2009_PL1.md,PL1,TỔNG HỢP KẾT QUẢ SẢN XUẤT NÔNG NGHIỆP,8,0.9,Original text: - Khoai lang,True,Complete
615e8f56-71ca-46c9-aeaf-439837407a9d,2008,12,2008-12-15,Monthly,National,cả nước,,,Cultivation,,,Area_Planted,119.0,1000_ha,Actual,2009_12_Phuluc_T12_2009_PL1.md,PL1,TỔNG HỢP KẾT QUẢ SẢN XUẤT NÔNG NGHIỆP,10,0.9,"Original text: - Rau, đậu các loại",True,Complete
65496c87-097d-4357-8dd0-04a6688ef220,2008,12,2008-12-15,Monthly,National,cả nước,,,Cultivation,đậu tương,,Area_Planted,64.0,1000_ha,Actual,2009_12_Phuluc_T12_2009_PL1.md,PL1,TỔNG HỢP KẾT QUẢ SẢN XUẤT NÔNG NGHIỆP,9,0.9,Original text: - Đậu tương,True,Complete
3798c0db-f4fc-4a2e-8b03-5b02c5703ad2,2008,12,2008-12-15,Seasonal,Regional,miền nam,,,Cultivation,lúa,Đông Xuân,Area_Planted,1009.4,1000_ha,Actual,2009_12_Phuluc_T12_2009_PL1.md,PL1,TỔNG HỢP KẾT QUẢ SẢN XUẤT NÔNG NGHIỆP,2,0.9,Original text: 1. Gieo cấy lúa đông xuân ở miền Nam,True,Complete
ffb6e3da-c081-4be8-885c-04dbd945124b,2008,12,2008-12-15,Seasonal,Regional,miền nam,,,Cultivation,lúa,Mùa,Area_Harvested,453.6,1000_ha,Actual,2009_12_Phuluc_T12_2009_PL1.md,PL1,TỔNG HỢP KẾT QUẢ SẢN XUẤT NÔNG NGHIỆP,4,0.9,Original text: 2. Thu hoạch lúa mùa ở miền Nam,True,Complete
02990a77-aabe-45c4-9077-99b752c47198,2009,1,2009-01-31,Monthly,National,cả nước,,,Trade,,Xuất khẩu,Export_Volume,76.0,1000_ton,Actual,2009_04_PHULUC_T04_2009_PL8.md,PL8,"TÌNH HÌNH XUẤT, NHẬP KHẨU NÔNG LÂM THUỶ SẢN",27,0.8,,False,Complete
18897935-1e18-45e5-8827-0baba038c5f9,2009,1,2009-01-31,Monthly,National,cả nước,,,Trade,,Xuất khẩu,Export_Value,50.0,million_USD,Actual,2009_04_PHULUC_T04_2009_PL8.md,PL8,"TÌNH HÌNH XUẤT, NHẬP KHẨU NÔNG LÂM THUỶ SẢN",27,0.8,,False,Complete
d12f38eb-46ff-401d-8309-bca608dc7c9c,2009,1,2009-01-31,Monthly,National,cả nước,,,Trade,,Xuất khẩu,Export_Volume,123.0,1000_ton,Actual,2009_05_PHULUC_T05_2009_PL8.md,PL8,"TÌNH HÌNH XUẤT, NHẬP KHẨU NÔNG LÂM THUỶ SẢN",27,0.8,,False,Complete
8dc5e3a4-b0f5-4b6a-bb94-b052e045cf02,2009,1,2009-01-31,Monthly,National,cả nước,,,Trade,,Xuất khẩu,Export_Value,80.0,million_USD,Actual,2009_05_PHULUC_T05_2009_PL8.md,PL8,"TÌNH HÌNH XUẤT, NHẬP KHẨU NÔNG LÂM THUỶ SẢN",27,0.8,,False,Complete
b14809ae-204a-4010-9417-ba2e4ef1ce3b,2009,1,2009-01-31,Monthly,National,cả nước,,,Trade,,Xuất khẩu,Export_Volume,63.0,1000_ton,Actual,2009_07_PHULUC_T07_2009_PL8.md,PL8,"TÌNH HÌNH XUẤT, NHẬP KHẨU NÔNG LÂM THUỶ SẢN",27,0.8,,False,Complete
01c2c170-38cb-4dd5-a036-508ff9376cbe,2009,1,2009-01-31,Monthly,National,cả nước,,,Trade,,Xuất khẩu,Export_Value,40.0,million_USD,Actual,2009_07_PHULUC_T07_2009_PL8.md,PL8,"TÌNH HÌNH XUẤT, NHẬP KHẨU NÔNG LÂM THUỶ SẢN",27,0.8,,False,Complete
211d3951-ef2d-49b9-9ad9-00fe832f9056,2009,1,2009-01-31,Monthly,National,cả nước,,,Trade,,Xuất khẩu,Export_Volume,52.0,1000_ton,Actual,2009_08_PHULUC_T08_2009_PL8.md,PL8,"TÌNH HÌNH XUẤT, NHẬP KHẨU NÔNG LÂM THUỶ SẢN",28,0.8,,False,Complete
46b14fc9-8c89-4fe6-bf80-d8205b665334,2009,1,2009-01-31,Monthly,National,cả nước,,,Trade,,Xuất khẩu,Export_Value,32.0,million_USD,Actual,2009_08_PHULUC_T08_2009_PL8.md,PL8,"TÌNH HÌNH XUẤT, NHẬP KHẨU NÔNG LÂM THUỶ SẢN",28,0.8,,False,Complete
feeefd36-861e-4963-9ae6-76660ec2c397,2009,1,2009-01-31,Monthly,National,cả nước,,,Trade,,Xuất khẩu,Export_Volume,60.0,1000_ton,Actual,2009_10_PHULUC_T10_2009_FINAL_PL8.md,PL8,"TÌNH HÌNH XUẤT, NHẬP KHẨU NÔNG LÂM THUỶ SẢN",28,0.8,,False,Complete
94e3f4a8-f29b-4f69-883b-00b7790670eb,2009,1,2009-01-31,Monthly,National,cả nước,,,Trade,,Xuất khẩu,Export_Value,25.0,million_USD,Actual,2009_10_PHULUC_T10_2009_FINAL_PL8.md,PL8,"TÌNH HÌNH XUẤT, NHẬP KHẨU NÔNG LÂM THUỶ SẢN",28,0.8,,False,Complete
f8971ff5-f54d-416e-8c37-9fd9dcd2ca2c,2009,1,2009-01-31,Monthly,National,cả nước,,,Trade,,Xuất khẩu,Export_Volume,23.0,1000_ton,Actual,2009_02_PHULUC_t02_2009_FINAL_PL8.md,PL8,"TÌNH HÌNH XUẤT, NHẬP KHẨU NÔNG LÂM THUỶ SẢN",21,0.8,,False,Complete
6189d773-de77-4385-af16-b5ccf206b1b7,2009,1,2009-01-31,Monthly,National,cả nước,,,Trade,,Xuất khẩu,Export_Value,9.0,million_USD,Actual,2009_02_PHULUC_t02_2009_FINAL_PL8.md,PL8,"TÌNH HÌNH XUẤT, NHẬP KHẨU NÔNG LÂM THUỶ SẢN",21,0.8,,False,Complete
6653d3dd-abdd-4091-a996-8a696bcfcd16,2009,1,2009-01-31,Monthly,National,cả nước,,,Trade,,Xuất khẩu,Export_Volume,205.0,1000_ton,Actual,2009_03_PHULUC_T03_2009_FINAL_PL8.md,PL8,"TÌNH HÌNH XUẤT, NHẬP KHẨU NÔNG LÂM THUỶ SẢN",25,0.8,,False,Complete
a215a022-f77f-4b75-959f-2cdbfdc709f5,2009,1,2009-01-31,Monthly,National,cả nước,,,Trade,,Xuất khẩu,Export_Value,78.0,million_USD,Actual,2009_03_PHULUC_T03_2009_FINAL_PL8.md,PL8,"TÌNH HÌNH XUẤT, NHẬP KHẨU NÔNG LÂM THUỶ SẢN",25,0.8,,False,Complete
4e1c05f3-224b-496c-afcf-06937275f0c1,2009,1,2009-01-31,Monthly,National,cả nước,,,Trade,,Xuất khẩu,Export_Volume,301.0,1000_ton,Actual,2009_04_PHULUC_T04_2009_PL8.md,PL8,"TÌNH HÌNH XUẤT, NHẬP KHẨU NÔNG LÂM THUỶ SẢN",25,0.8,,False,Complete
a924a214-0a36-4f2e-bd31-aaac2f6dc099,2009,1,2009-01-31,Monthly,National,cả nước,,,Trade,,Xuất khẩu,Export_Value,118.0,million_USD,Actual,2009_04_PHULUC_T04_2009_PL8.md,PL8,"TÌNH HÌNH XUẤT, NHẬP KHẨU NÔNG LÂM THUỶ SẢN",25,0.8,,False,Complete
a11c8d1f-ad85-48b3-ae5a-c95269f79df7,2009,1,2009-01-31,Monthly,National,cả nước,,,Trade,,Xuất khẩu,Export_Volume,425.0,1000_ton,Actual,2009_05_PHULUC_T05_2009_PL8.md,PL8,"TÌNH HÌNH XUẤT, NHẬP KHẨU NÔNG LÂM THUỶ SẢN",25,0.8,,False,Complete
5bd28dfc-5cc0-40af-96b6-20a303f12de0,2009,1,2009-01-31,Monthly,National,cả nước,,,Trade,,Xuất khẩu,Export_Value,170.0,million_USD,Actual,2009_05_PHULUC_T05_2009_PL8.md,PL8,"TÌNH HÌNH XUẤT, NHẬP KHẨU NÔNG LÂM THUỶ SẢN",25,0.8,,False,Complete
5c4e9ef3-d708-4e88-a657-a585683ed6de,2009,1,2009-01-31,Monthly,National,cả nước,,,Trade,,Xuất khẩu,Export_Volume,12.0,1000_ton,Actual,2009_06_PHULUC_T06_2009_PL8.md,PL8,"TÌNH HÌNH XUẤT, NHẬP KHẨU NÔNG LÂM THUỶ SẢN",25,0.8,,False,Complete
cb23c528-1cc1-4ec2-bcfe-f4ab2c22a35d,2009,1,2009-01-31,Monthly,National,cả nước,,,Trade,,Xuất khẩu,Export_Value,5.0,million_USD,Actual,2009_06_PHULUC_T06_2009_PL8.md,PL8,"TÌNH HÌNH XUẤT, NHẬP KHẨU NÔNG LÂM THUỶ SẢN",25,0.8,,False,Complete
49e66b36-034b-43e3-b0c9-d80086d626b5,2009,1,2009-01-31,Monthly,National,cả nước,,,Trade,,Xuất khẩu,Export_Volume,77.0,1000_ton,Actual,2009_07_PHULUC_T07_2009_PL8.md,PL8,"TÌNH HÌNH XUẤT, NHẬP KHẨU NÔNG LÂM THUỶ SẢN",25,0.8,,False,Complete
500ae4d2-3964-4da9-80d3-c26aebea1a94,2009,1,2009-01-31,Monthly,National,cả nước,,,Trade,,Xuất khẩu,Export_Value,28.0,million_USD,Actual,2009_07_PHULUC_T07_2009_PL8.md,PL8,"TÌNH HÌNH XUẤT, NHẬP KHẨU NÔNG LÂM THUỶ SẢN",25,0.8,,False,Complete
bdec155b-b690-40d9-a302-1e90de9f93bd,2009,1,2009-01-31,Monthly,National,cả nước,,,Trade,,Xuất khẩu,Export_Volume,67.0,1000_ton,Actual,2009_08_PHULUC_T08_2009_PL8.md,PL8,"TÌNH HÌNH XUẤT, NHẬP KHẨU NÔNG LÂM THUỶ SẢN",26,0.8,,False,Complete
4f2264e3-d3ef-47b6-a8ea-c452bda9f699,2009,1,2009-01-31,Monthly,National,cả nước,,,Trade,,Xuất khẩu,Export_Value,24.0,million_USD,Actual,2009_08_PHULUC_T08_2009_PL8.md,PL8,"TÌNH HÌNH XUẤT, NHẬP KHẨU NÔNG LÂM THUỶ SẢN",26,0.8,,False,Complete
aef26a29-db25-4409-96ef-cbb42873fba8,2009,1,2009-01-31,Monthly,National,cả nước,,,Trade,,Xuất khẩu,Export_Volume,90.0,1000_ton,Actual,2009_10_PHULUC_T10_2009_FINAL_PL8.md,PL8,"TÌNH HÌNH XUẤT, NHẬP KHẨU NÔNG LÂM THUỶ SẢN",26,0.8,,False,Complete
844b498e-82ce-49d1-bc64-38ab3128dbe0,2009,1,2009-01-31,Monthly,National,cả nước,,,Trade,,Xuất khẩu,Export_Value,33.0,million_USD,Actual,2009_10_PHULUC_T10_2009_FINAL_PL8.md,PL8,"TÌNH HÌNH XUẤT, NHẬP KHẨU NÔNG LÂM THUỶ SẢN",26,0.8,,False,Complete
282b8845-3e46-4555-952a-e97b63672913,2009,1,2009-01-31,Monthly,National,cả nước,,,Trade,,Xuất khẩu,Export_Volume,10.0,1000_ton,Actual,2009_02_PHULUC_t02_2009_FINAL_PL8.md,PL8,"TÌNH HÌNH XUẤT, NHẬP KHẨU NÔNG LÂM THUỶ SẢN",22,0.8,,False,Complete
7594c765-edd3-47d7-947f-e6dd21a594f2,2009,1,2009-01-31,Monthly,National,cả nước,,,Trade,,Xuất khẩu,Export_Value,4.0,million_USD,Actual,2009_02_PHULUC_t02_2009_FINAL_PL8.md,PL8,"TÌNH HÌNH XUẤT, NHẬP KHẨU NÔNG LÂM THUỶ SẢN",22,0.8,,False,Complete
81d8666f-d61e-450b-86bb-2e048749153b,2009,1,2009-01-31,Monthly,National,cả nước,,,Trade,,Xuất khẩu,Export_Volume,48.0,1000_ton,Actual,2009_03_PHULUC_T03_2009_FINAL_PL8.md,PL8,"TÌNH HÌNH XUẤT, NHẬP KHẨU NÔNG LÂM THUỶ SẢN",26,0.8,,False,Complete
ad9b7501-7a5e-46a0-9bdc-29a452a0be9c,2009,1,2009-01-31,Monthly,National,cả nước,,,Trade,,Xuất khẩu,Export_Value,19.0,million_USD,Actual,2009_03_PHULUC_T03_2009_FINAL_PL8.md,PL8,"TÌNH HÌNH XUẤT, NHẬP KHẨU NÔNG LÂM THUỶ SẢN",26,0.8,,False,Complete
a7129b97-875a-4d38-862b-add37f92f4e4,2009,1,2009-01-31,Monthly,National,cả nước,,,Trade,,Xuất khẩu,Export_Volume,98.0,1000_ton,Actual,2009_04_PHULUC_T04_2009_PL8.md,PL8,"TÌNH HÌNH XUẤT, NHẬP KHẨU NÔNG LÂM THUỶ SẢN",26,0.8,,False,Complete
8e1814e6-a2de-4a14-885b-f70961fea7bd,2009,1,2009-01-31,Monthly,National,cả nước,,,Trade,,Xuất khẩu,Export_Value,40.0,million_USD,Actual,2009_04_PHULUC_T04_2009_PL8.md,PL8,"TÌNH HÌNH XUẤT, NHẬP KHẨU NÔNG LÂM THUỶ SẢN",26,0.8,,False,Complete
77839f36-fd36-4baf-ad65-000e1e20a17d,2009,1,2009-01-31,Monthly,National,cả nước,,,Trade,,Xuất khẩu,Export_Volume,136.0,1000_ton,Actual,2009_05_PHULUC_T05_2009_PL8.md,PL8,"TÌNH HÌNH XUẤT, NHẬP KHẨU NÔNG LÂM THUỶ SẢN",26,0.8,,False,Complete
25c83e22-d735-4b65-8e8c-9cb4425656f1,2009,1,2009-01-31,Monthly,National,cả nước,,,Trade,,Xuất khẩu,Export_Value,57.0,million_USD,Actual,2009_05_PHULUC_T05_2009_PL8.md,PL8,"TÌNH HÌNH XUẤT, NHẬP KHẨU NÔNG LÂM THUỶ SẢN",26,0.8,,False,Complete
f592ca42-eca9-4d8c-8472-5022695b2d81,2009,1,2009-01-31,Monthly,National,cả nước,,,Trade,,Xuất khẩu,Export_Volume,27.0,1000_ton,Actual,2009_06_PHULUC_T06_2009_PL8.md,PL8,"TÌNH HÌNH XUẤT, NHẬP KHẨU NÔNG LÂM THUỶ SẢN",26,0.8,,False,Complete
78e8aee1-3f21-4f45-b4c7-7328e38e89dc,2009,1,2009-01-31,Monthly,National,cả nước,,,Trade,,Xuất khẩu,Export_Value,11.0,million_USD,Actual,2009_06_PHULUC_T06_2009_PL8.md,PL8,"TÌNH HÌNH XUẤT, NHẬP KHẨU NÔNG LÂM THUỶ SẢN",26,0.8,,False,Complete
3bd26bfa-9563-4b7c-8789-ce0599bf1b06,2009,1,2009-01-31,Monthly,National,cả nước,,,Trade,,Xuất khẩu,Export_Volume,13.0,1000_ton,Actual,2009_07_PHULUC_T07_2009_PL8.md,PL8,"TÌNH HÌNH XUẤT, NHẬP KHẨU NÔNG LÂM THUỶ SẢN",26,0.8,,False,Complete
86896464-f40f-4e5c-8827-d7f6bc691bcf,2009,1,2009-01-31,Monthly,National,cả nước,,,Trade,,Xuất khẩu,Export_Value,5.0,million_USD,Actual,2009_07_PHULUC_T07_2009_PL8.md,PL8,"TÌNH HÌNH XUẤT, NHẬP KHẨU NÔNG LÂM THUỶ SẢN",26,0.8,,False,Complete
993f1228-7cd5-4e40-85d1-e302b9ce3c38,2009,1,2009-01-31,Monthly,National,cả nước,,,Trade,,Xuất khẩu,Export_Volume,10.0,1000_ton,Actual,2009_08_PHULUC_T08_2009_PL8.md,PL8,"TÌNH HÌNH XUẤT, NHẬP KHẨU NÔNG LÂM THUỶ SẢN",27,0.8,,False,Complete
d5029acd-091f-4c73-a08f-ef834841fe58,2009,1,2009-01-31,Monthly,National,cả nước,,,Trade,,Xuất khẩu,Export_Value,4.0,million_USD,Actual,2009_08_PHULUC_T08_2009_PL8.md,PL8,"TÌNH HÌNH XUẤT, NHẬP KHẨU NÔNG LÂM THUỶ SẢN",27,0.8,,False,Complete
f5086f78-a0b2-480f-8cb5-448788f1cbf6,2009,1,2009-01-31,Monthly,National,cả nước,,,Trade,,Xuất khẩu,Export_Volume,16.0,1000_ton,Actual,2009_10_PHULUC_T10_2009_FINAL_PL8.md,PL8,"TÌNH HÌNH XUẤT, NHẬP KHẨU NÔNG LÂM THUỶ SẢN",27,0.8,,False,Complete
1f758754-5ce7-40ea-92bf-527528d17013,2009,1,2009-01-31,Monthly,National,cả nước,,,Trade,,Xuất khẩu,Export_Value,7.0,million_USD,Actual,2009_10_PHULUC_T10_2009_FINAL_PL8.md,PL8,"TÌNH HÌNH XUẤT, NHẬP KHẨU NÔNG LÂM THUỶ SẢN",27,0.8,,False,Complete
feee6cab-cc53-4957-a9f5-61b1eb624ac2,2009,1,2009-01-31,Monthly,National,cả nước,,,Trade,,Xuất khẩu,Export_Volume,2.0,1000_ton,Actual,2009_02_PHULUC_t02_2009_FINAL_PL8.md,PL8,"TÌNH HÌNH XUẤT, NHẬP KHẨU NÔNG LÂM THUỶ SẢN",23,0.8,,False,Complete
ed310d7b-a1b3-4531-8c76-d5665c0e4016,2009,1,2009-01-31,Monthly,National,cả nước,,,Trade,,Xuất khẩu,Export_Value,1.0,million_USD,Actual,2009_02_PHULUC_t02_2009_FINAL_PL8.md,PL8,"TÌNH HÌNH XUẤT, NHẬP KHẨU NÔNG LÂM THUỶ SẢN",23,0.8,,False,Complete
6f14418b-664b-453d-a522-ce33125b4b68,2009,1,2009-01-31,Monthly,National,cả nước,,,Trade,,Xuất khẩu,Export_Volume,30.0,1000_ton,Actual,2009_03_PHULUC_T03_2009_FINAL_PL8.md,PL8,"TÌNH HÌNH XUẤT, NHẬP KHẨU NÔNG LÂM THUỶ SẢN",27,0.8,,False,Complete
2d20b28f-8339-4e2a-ae74-b55755c64b50,2009,1,2009-01-31,Monthly,National,cả nước,,,Trade,,Xuất khẩu,Export_Value,23.0,million_USD,Actual,2009_03_PHULUC_T03_2009_FINAL_PL8.md,PL8,"TÌNH HÌNH XUẤT, NHẬP KHẨU NÔNG LÂM THUỶ SẢN",27,0.8,,False,Complete
1bb0ba1a-6632-4bd8-b0b4-0e5c234c55ea,2009,1,2009-01-31,Monthly,National,cả nước,,,Trade,,Xuất khẩu,Export_Volume,42.0,1000_ton,Actual,2009_06_PHULUC_T06_2009_PL8.md,PL8,"TÌNH HÌNH XUẤT, NHẬP KHẨU NÔNG LÂM THUỶ SẢN",27,0.8,,False,Complete
c924921f-4676-48b9-8e1c-4f663d9985fa,2009,1,2009-01-31,Monthly,National,cả nước,,,Trade,,Xuất khẩu,Export_Value,28.0,million_USD,Actual,2009_06_PHULUC_T06_2009_PL8.md,PL8,"TÌNH HÌNH XUẤT, NHẬP KHẨU NÔNG LÂM THUỶ SẢN",27,0.8,,False,Complete
e797ffd6-f5f5-4aac-8908-b81557f23254,2009,1,2009-01-31,Monthly,National,cả nước,,,Trade,,Xuất khẩu,Export_Volume,21.0,1000_ton,Actual,2009_02_PHULUC_t02_2009_FINAL_PL8.md,PL8,"TÌNH HÌNH XUẤT, NHẬP KHẨU NÔNG LÂM THUỶ SẢN",20,0.8,,False,Complete
f39b5a08-efca-4e62-b75e-2fbc22b513df,2009,1,2009-01-31,Monthly,National,cả nước,,,Trade,,Xuất khẩu,Export_Value,2.0,million_USD,Actual,2009_02_PHULUC_t02_2009_FINAL_PL8.md,PL8,"TÌNH HÌNH XUẤT, NHẬP KHẨU NÔNG LÂM THUỶ SẢN",20,0.8,,False,Complete
93d8dc35-e5b0-42d2-909c-677297be420d,2009,1,2009-01-31,Monthly,National,cả nước,,,Trade,,Xuất khẩu,Export_Volume,132.0,1000_ton,Actual,2009_03_PHULUC_T03_2009_FINAL_PL8.md,PL8,"TÌNH HÌNH XUẤT, NHẬP KHẨU NÔNG LÂM THUỶ SẢN",24,0.8,,False,Complete
f49eccba-980e-4ebc-9cbe-92d319b4987a,2009,1,2009-01-31,Monthly,National,cả nước,,,Trade,,Xuất khẩu,Export_Value,16.0,million_USD,Actual,2009_03_PHULUC_T03_2009_FINAL_PL8.md,PL8,"TÌNH HÌNH XUẤT, NHẬP KHẨU NÔNG LÂM THUỶ SẢN",24,0.8,,False,Complete
c572ccbe-40b6-4276-a95e-7495f63b80e9,2009,1,2009-01-31,Monthly,National,cả nước,,,Trade,,Xuất khẩu,Export_Volume,322.0,1000_ton,Actual,2009_04_PHULUC_T04_2009_PL8.md,PL8,"TÌNH HÌNH XUẤT, NHẬP KHẨU NÔNG LÂM THUỶ SẢN",24,0.8,,False,Complete
b24a6eff-c299-4cec-969a-0c4d682ee258,2009,1,2009-01-31,Monthly,National,cả nước,,,Trade,,Xuất khẩu,Export_Value,44.0,million_USD,Actual,2009_04_PHULUC_T04_2009_PL8.md,PL8,"TÌNH HÌNH XUẤT, NHẬP KHẨU NÔNG LÂM THUỶ SẢN",24,0.8,,False,Complete
d1d356e3-92c7-44e1-b36b-b0beaf6cb88a,2009,1,2009-01-31,Monthly,National,cả nước,,,Trade,,Xuất khẩu,Export_Volume,480.0,1000_ton,Actual,2009_05_PHULUC_T05_2009_PL8.md,PL8,"TÌNH HÌNH XUẤT, NHẬP KHẨU NÔNG LÂM THUỶ SẢN",24,0.8,,False,Complete
465f11ad-8a3a-4ecc-b111-f28046e505ae,2009,1,2009-01-31,Monthly,National,cả nước,,,Trade,,Xuất khẩu,Export_Value,69.0,million_USD,Actual,2009_05_PHULUC_T05_2009_PL8.md,PL8,"TÌNH HÌNH XUẤT, NHẬP KHẨU NÔNG LÂM THUỶ SẢN",24,0.8,,False,Complete
21bdd78d-8093-480d-a8de-8eb38b7c2eab,2009,1,2009-01-31,Monthly,National,cả nước,,,Trade,,Xuất khẩu,Export_Volume,85.0,1000_ton,Actual,2009_06_PHULUC_T06_2009_PL8.md,PL8,"TÌNH HÌNH XUẤT, NHẬP KHẨU NÔNG LÂM THUỶ SẢN",24,0.8,,False,Complete
3ea94c7d-b4ae-4e57-8b23-b066e49ea848,2009,1,2009-01-31,Monthly,National,cả nước,,,Trade,,Xuất khẩu,Export_Value,13.0,million_USD,Actual,2009_06_PHULUC_T06_2009_PL8.md,PL8,"TÌNH HÌNH XUẤT, NHẬP KHẨU NÔNG LÂM THUỶ SẢN",24,0.8,,False,Complete
07a624bd-6676-49ee-a8d6-2730458bd9c9,2009,1,2009-01-31,Monthly,National,cả nước,,,Trade,,Xuất khẩu,Export_Volume,52.0,1000_ton,Actual,2009_07_PHULUC_T07_2009_PL8.md,PL8,"TÌNH HÌNH XUẤT, NHẬP KHẨU NÔNG LÂM THUỶ SẢN",24,0.8,,False,Complete
1d5f2549-aa8a-415b-af0a-47e51d4694ad,2009,1,2009-01-31,Monthly,National,cả nước,,,Trade,,Xuất khẩu,Export_Value,7.0,million_USD,Actual,2009_07_PHULUC_T07_2009_PL8.md,PL8,"TÌNH HÌNH XUẤT, NHẬP KHẨU NÔNG LÂM THUỶ SẢN",24,0.8,,False,Complete
45eb94e4-d78a-4476-8f9a-a6d1b1bfd4c0,2009,1,2009-01-31,Monthly,National,cả nước,,,Trade,,Xuất khẩu,Export_Volume,46.0,1000_ton,Actual,2009_08_PHULUC_T08_2009_PL8.md,PL8,"TÌNH HÌNH XUẤT, NHẬP KHẨU NÔNG LÂM THUỶ SẢN",25,0.8,,False,Complete
c1a9e694-5ffe-456d-8dca-d492324e3569,2009,1,2009-01-31,Monthly,National,cả nước,,,Trade,,Xuất khẩu,Export_Value,6.0,million_USD,Actual,2009_08_PHULUC_T08_2009_PL8.md,PL8,"TÌNH HÌNH XUẤT, NHẬP KHẨU NÔNG LÂM THUỶ SẢN",25,0.8,,False,Complete
97c463f1-3f19-45c4-9d56-3c37b5d768f0,2009,1,2009-01-31,Monthly,National,cả nước,,,Trade,,Xuất khẩu,Export_Volume,160.0,1000_ton,Actual,2009_10_PHULUC_T10_2009_FINAL_PL8.md,PL8,"TÌNH HÌNH XUẤT, NHẬP KHẨU NÔNG LÂM THUỶ SẢN",25,0.8,,False,Complete
835dd845-1260-4b28-9284-115688160cca,2009,1,2009-01-31,Monthly,National,cả nước,,,Trade,,Xuất khẩu,Export_Value,19.0,million_USD,Actual,2009_10_PHULUC_T10_2009_FINAL_PL8.md,PL8,"TÌNH HÌNH XUẤT, NHẬP KHẨU NÔNG LÂM THUỶ SẢN",25,0.8,,False,Complete
c90a6612-1cdc-45e7-9e81-9385a82cdde6,2009,1,2009-01-31,Monthly,National,cả nước,,,Trade,,Xuất khẩu,Export_Volume,52.0,1000_ton,Actual,2009_02_PHULUC_t02_2009_FINAL_PL8.md,PL8,"TÌNH HÌNH XUẤT, NHẬP KHẨU NÔNG LÂM THUỶ SẢN",19,0.8,,False,Complete
7cfa3d76-e14d-42d5-bc24-bde79c262d5e,2009,1,2009-01-31,Monthly,National,cả nước,,,Trade,,Xuất khẩu,Export_Value,15.0,million_USD,Actual,2009_02_PHULUC_t02_2009_FINAL_PL8.md,PL8,"TÌNH HÌNH XUẤT, NHẬP KHẨU NÔNG LÂM THUỶ SẢN",19,0.8,,False,Complete
7f567de8-8935-4595-8b78-1e5d88249395,2009,1,2009-01-31,Monthly,National,cả nước,,,Trade,,Xuất khẩu,Export_Volume,161.0,1000_ton,Actual,2009_03_PHULUC_T03_2009_FINAL_PL8.md,PL8,"TÌNH HÌNH XUẤT, NHẬP KHẨU NÔNG LÂM THUỶ SẢN",23,0.8,,False,Complete
29adfccf-80aa-428b-bcbd-d4fd0c15dee2,2009,1,2009-01-31,Monthly,National,cả nước,,,Trade,,Xuất khẩu,Export_Value,47.0,million_USD,Actual,2009_03_PHULUC_T03_2009_FINAL_PL8.md,PL8,"TÌNH HÌNH XUẤT, NHẬP KHẨU NÔNG LÂM THUỶ SẢN",23,0.8,,False,Complete
83e671cc-ad14-432b-9b4f-2e3e25845fdb,2009,1,2009-01-31,Monthly,National,cả nước,,,Trade,,Xuất khẩu,Export_Volume,302.0,1000_ton,Actual,2009_04_PHULUC_T04_2009_PL8.md,PL8,"TÌNH HÌNH XUẤT, NHẬP KHẨU NÔNG LÂM THUỶ SẢN",23,0.8,,False,Complete
a9a1ef2f-9ed7-485c-b60d-b37457819074,2009,1,2009-01-31,Monthly,National,cả nước,,,Trade,,Xuất khẩu,Export_Value,90.0,million_USD,Actual,2009_04_PHULUC_T04_2009_PL8.md,PL8,"TÌNH HÌNH XUẤT, NHẬP KHẨU NÔNG LÂM THUỶ SẢN",23,0.8,,False,Complete
e1058e63-c452-4069-b992-e8f369e39cf9,2009,1,2009-01-31,Monthly,National,cả nước,,,Trade,,Xuất khẩu,Export_Volume,489.0,1000_ton,Actual,2009_05_PHULUC_T05_2009_PL8.md,PL8,"TÌNH HÌNH XUẤT, NHẬP KHẨU NÔNG LÂM THUỶ SẢN",23,0.8,,False,Complete
f6d4c2a2-76f2-4e9b-b656-18fd1c53e539,2009,1,2009-01-31,Monthly,National,cả nước,,,Trade,,Xuất khẩu,Export_Value,148.0,million_USD,Actual,2009_05_PHULUC_T05_2009_PL8.md,PL8,"TÌNH HÌNH XUẤT, NHẬP KHẨU NÔNG LÂM THUỶ SẢN",23,0.8,,False,Complete
ccd7a454-1eb5-44f2-84eb-8466f3623c27,2009,1,2009-01-31,Monthly,National,cả nước,,,Trade,,Xuất khẩu,Export_Volume,107.0,1000_ton,Actual,2009_06_PHULUC_T06_2009_PL8.md,PL8,"TÌNH HÌNH XUẤT, NHẬP KHẨU NÔNG LÂM THUỶ SẢN",23,0.8,,False,Complete
625dd3d6-5d72-4538-bad5-3fafcd77c3f6,2009,1,2009-01-31,Monthly,National,cả nước,,,Trade,,Xuất khẩu,Export_Value,33.0,million_USD,Actual,2009_06_PHULUC_T06_2009_PL8.md,PL8,"TÌNH HÌNH XUẤT, NHẬP KHẨU NÔNG LÂM THUỶ SẢN",23,0.8,,False,Complete
5307bd18-b94c-4276-a07e-7f8efd7ed60e,2009,1,2009-01-31,Monthly,National,cả nước,,,Trade,,Xuất khẩu,Export_Volume,100.0,1000_ton,Actual,2009_07_PHULUC_T07_2009_PL8.md,PL8,"TÌNH HÌNH XUẤT, NHẬP KHẨU NÔNG LÂM THUỶ SẢN",23,0.8,,False,Complete
0aaf4d24-7c48-4143-9eb7-5520078c7177,2009,1,2009-01-31,Monthly,National,cả nước,,,Trade,,Xuất khẩu,Export_Value,30.0,million_USD,Actual,2009_07_PHULUC_T07_2009_PL8.md,PL8,"TÌNH HÌNH XUẤT, NHẬP KHẨU NÔNG LÂM THUỶ SẢN",23,0.8,,False,Complete
71d414bf-9980-484a-9f6b-db03ee3e7290,2009,1,2009-01-31,Monthly,National,cả nước,,,Trade,,Xuất khẩu,Export_Volume,72.0,1000_ton,Actual,2009_08_PHULUC_T08_2009_PL8.md,PL8,"TÌNH HÌNH XUẤT, NHẬP KHẨU NÔNG LÂM THUỶ SẢN",24,0.8,,False,Complete
52c30d5d-074f-4681-b6d1-30e28696e3b8,2009,1,2009-01-31,Monthly,National,cả nước,,,Trade,,Xuất khẩu,Export_Value,20.0,million_USD,Actual,2009_08_PHULUC_T08_2009_PL8.md,PL8,"TÌNH HÌNH XUẤT, NHẬP KHẨU NÔNG LÂM THUỶ SẢN",24,0.8,,False,Complete
1863aebf-2726-4280-8ad4-51f6aa911272,2009,1,2009-01-31,Monthly,National,cả nước,,,Trade,,Xuất khẩu,Export_Volume,187.0,1000_ton,Actual,2009_10_PHULUC_T10_2009_FINAL_PL8.md,PL8,"TÌNH HÌNH XUẤT, NHẬP KHẨU NÔNG LÂM THUỶ SẢN",24,0.8,,False,Complete
a7d6c6fe-5dd4-434b-bb69-bb35db9d1651,2009,1,2009-01-31,Monthly,National,cả nước,,,Trade,,Xuất khẩu,Export_Value,51.0,million_USD,Actual,2009_10_PHULUC_T10_2009_FINAL_PL8.md,PL8,"TÌNH HÌNH XUẤT, NHẬP KHẨU NÔNG LÂM THUỶ SẢN",24,0.8,,False,Complete
9d55ffc4-2317-4de4-a604-0ca6d0663413,2009,1,2009-01-31,Monthly,National,cả nước,,,Trade,,Xuất khẩu,Export_Volume,60354.0,1000_ton,Actual,2009_06_PHULUC_T06_2009_PL8a.md,PL8a,"TÌNH HÌNH XUẤT, NHẬP KHẨU NÔNG LÂM THUỶ SẢN",3,0.8,,False,Complete
9e96333f-e248-4f84-8f53-67504b74fb5b,2009,1,2009-01-31,Monthly,National,cả nước,,,Trade,,Xuất khẩu,Export_Value,105105.0,million_USD,Actual,2009_06_PHULUC_T06_2009_PL8a.md,PL8a,"TÌNH HÌNH XUẤT, NHẬP KHẨU NÔNG LÂM THUỶ SẢN",3,0.8,,False,Complete
fbe11937-74c9-4c65-9719-864a81f6d40d,2009,1,2009-01-31,Monthly,National,cả nước,,,Trade,,Xuất khẩu,Export_Volume,300979.0,1000_ton,Actual,2009_06_PHULUC_T06_2009_PL8a.md,PL8a,"TÌNH HÌNH XUẤT, NHẬP KHẨU NÔNG LÂM THUỶ SẢN",14,0.8,,False,Complete
eabaaef6-f8d6-4359-b744-eef65889ddda,2009,1,2009-01-31,Monthly,National,cả nước,,,Trade,,Xuất khẩu,Export_Value,129639.0,million_USD,Actual,2009_06_PHULUC_T06_2009_PL8a.md,PL8a,"TÌNH HÌNH XUẤT, NHẬP KHẨU NÔNG LÂM THUỶ SẢN",14,0.8,,False,Complete
56c52f9f-95d2-4296-8c4c-f884bb07387c,2009,1,2009-01-31,Monthly,National,cả nước,,,Trade,,Xuất khẩu,Export_Volume,8188.0,1000_ton,Actual,2009_06_PHULUC_T06_2009_PL8a.md,PL8a,"TÌNH HÌNH XUẤT, NHẬP KHẨU NÔNG LÂM THUỶ SẢN",24,0.8,,False,Complete
851359a2-e86d-4f53-b677-1eeeb3001645,2009,1,2009-01-31,Monthly,National,cả nước,,,Trade,,Xuất khẩu,Export_Value,10299.0,million_USD,Actual,2009_06_PHULUC_T06_2009_PL8a.md,PL8a,"TÌNH HÌNH XUẤT, NHẬP KHẨU NÔNG LÂM THUỶ SẢN",24,0.8,,False,Complete
4a5227a1-66a6-488d-a332-d9f1c07d1159,2009,1,2009-01-31,Monthly,National,cả nước,,,Trade,,Xuất khẩu,Export_Volume,580240.0,1000_ton,Actual,2009_06_PHULUC_T06_2009_PL8a.md,PL8a,"TÌNH HÌNH XUẤT, NHẬP KHẨU NÔNG LÂM THUỶ SẢN",35,0.8,,False,Complete
b470ab7e-9001-408b-9d47-e9d68958a5cb,2009,1,2009-01-31,Monthly,National,cả nước,,,Trade,,Xuất khẩu,Export_Value,1383609.0,million_USD,Actual,2009_06_PHULUC_T06_2009_PL8a.md,PL8a,"TÌNH HÌNH XUẤT, NHẬP KHẨU NÔNG LÂM THUỶ SẢN",35,0.8,,False,Complete
6758d829-6678-4860-942a-0d2f76861976,2009,1,2009-01-31,Monthly,National,cả nước,,,Trade,,Xuất khẩu,Export_Volume,54810.0,1000_ton,Actual,2009_06_PHULUC_T06_2009_PL8b.md,PL8b,"TÌNH HÌNH XUẤT, NHẬP KHẨU NÔNG LÂM THUỶ SẢN",3,0.8,,False,Complete
a55eaa01-8321-48ec-ae6d-8857cb67a1c5,2009,1,2009-01-31,Monthly,National,cả nước,,,Trade,,Xuất khẩu,Export_Value,51606.0,million_USD,Actual,2009_06_PHULUC_T06_2009_PL8b.md,PL8b,"TÌNH HÌNH XUẤT, NHẬP KHẨU NÔNG LÂM THUỶ SẢN",3,0.8,,False,Complete
ce2c6975-2cee-4e77-b0c9-1cbaed399c1a,2009,1,2009-01-31,Monthly,National,cả nước,,,Trade,,Xuất khẩu,Export_Volume,37404.86,1000_ton,Actual,2009_06_PHULUC_T06_2009_PL8b.md,PL8b,"TÌNH HÌNH XUẤT, NHẬP KHẨU NÔNG LÂM THUỶ SẢN",13,0.8,,False,Complete
508549ac-17b1-4c11-8993-a6901f26468e,2009,1,2009-01-31,Monthly,National,cả nước,,,Trade,,Xuất khẩu,Export_Value,28594.0,million_USD,Actual,2009_06_PHULUC_T06_2009_PL8b.md,PL8b,"TÌNH HÌNH XUẤT, NHẬP KHẨU NÔNG LÂM THUỶ SẢN",13,0.8,,False,Complete
127d6795-9ec4-4676-bb54-82f7a7d1cbc7,2009,1,2009-01-31,Monthly,National,cả nước,,,Trade,,Xuất khẩu,Export_Volume,109625.2,1000_ton,Actual,2009_06_PHULUC_T06_2009_PL8b.md,PL8b,"TÌNH HÌNH XUẤT, NHẬP KHẨU NÔNG LÂM THUỶ SẢN",24,0.8,,False,Complete
fd0baf6c-16b2-43f4-9a2e-06c93898bac0,2009,1,2009-01-31,Monthly,National,cả nước,,,Trade,,Xuất khẩu,Export_Volume,75518.24,1000_ton,Actual,2009_06_PHULUC_T06_2009_PL8b.md,PL8b,"TÌNH HÌNH XUẤT, NHẬP KHẨU NÔNG LÂM THUỶ SẢN",35,0.8,,False,Complete
937d42a7-62cc-42d4-b88a-b8945d78e9d2,2009,1,2009-01-31,Monthly,National,cả nước,,,Trade,,Xuất khẩu,Export_Volume,85372.27,1000_ton,Actual,2009_06_PHULUC_T06_2009_PL8b.md,PL8b,"TÌNH HÌNH XUẤT, NHẬP KHẨU NÔNG LÂM THUỶ SẢN",46,0.8,,False,Complete
3ffd4872-b414-4911-83aa-cc57cd0286fc,2009,1,2009-01-31,Monthly,National,cả nước,,,Trade,,Xuất khẩu,Export_Value,396794.0,million_USD,Actual,2009_06_PHULUC_T06_2009_PL8b.md,PL8b,"TÌNH HÌNH XUẤT, NHẬP KHẨU NÔNG LÂM THUỶ SẢN",46,0.8,,False,Complete
2b67436b-c60c-473e-a8c7-4e043a287fe6,2009,1,2009-01-31,Monthly,National,cả nước,,,Trade,,Xuất khẩu,Export_Volume,70902.0,1000_ton,Actual,2009_07_PHULUC_T07_2009_PL8a.md,PL8a,"TÌNH HÌNH XUẤT, NHẬP KHẨU NÔNG LÂM THUỶ SẢN",3,0.8,,False,Complete
133b34fa-1f14-418c-ae37-d9e5885bf1db,2009,1,2009-01-31,Monthly,National,cả nước,,,Trade,,Xuất khẩu,Export_Value,111043.0,million_USD,Actual,2009_07_PHULUC_T07_2009_PL8a.md,PL8a,"TÌNH HÌNH XUẤT, NHẬP KHẨU NÔNG LÂM THUỶ SẢN",3,0.8,,False,Complete
669d42d1-8747-49d8-90a8-47e1522f7a63,2009,1,2009-01-31,Monthly,National,cả nước,,,Trade,,Xuất khẩu,Export_Volume,422294.0,1000_ton,Actual,2009_07_PHULUC_T07_2009_PL8a.md,PL8a,"TÌNH HÌNH XUẤT, NHẬP KHẨU NÔNG LÂM THUỶ SẢN",14,0.8,,False,Complete
3f64ddf7-4d95-4305-b8df-ee8d5a3ed72a,2009,1,2009-01-31,Monthly,National,cả nước,,,Trade,,Xuất khẩu,Export_Value,173124.0,million_USD,Actual,2009_07_PHULUC_T07_2009_PL8a.md,PL8a,"TÌNH HÌNH XUẤT, NHẬP KHẨU NÔNG LÂM THUỶ SẢN",14,0.8,,False,Complete
b2c52ac2-1585-4830-8d13-ecc56f37e887,2009,1,2009-01-31,Monthly,National,cả nước,,,Trade,,Xuất khẩu,Export_Volume,14573.0,1000_ton,Actual,2009_07_PHULUC_T07_2009_PL8a.md,PL8a,"TÌNH HÌNH XUẤT, NHẬP KHẨU NÔNG LÂM THUỶ SẢN",25,0.8,,False,Complete
b166f26a-aba4-40ed-bb48-46d565522752,2009,1,2009-01-31,Monthly,National,cả nước,,,Trade,,Xuất khẩu,Export_Value,13025.0,million_USD,Actual,2009_07_PHULUC_T07_2009_PL8a.md,PL8a,"TÌNH HÌNH XUẤT, NHẬP KHẨU NÔNG LÂM THUỶ SẢN",25,0.8,,False,Complete
d306ed5e-8b2d-4685-9045-dc2224247072,2009,1,2009-01-31,Monthly,National,cả nước,,,Trade,,Xuất khẩu,Export_Volume,636889.0,1000_ton,Actual,2009_07_PHULUC_T07_2009_PL8a.md,PL8a,"TÌNH HÌNH XUẤT, NHẬP KHẨU NÔNG LÂM THUỶ SẢN",36,0.8,,False,Complete
47f35b49-7c57-43bf-b436-3f1e5077c8db,2009,1,2009-01-31,Monthly,National,cả nước,,,Trade,,Xuất khẩu,Export_Value,1564504.0,million_USD,Actual,2009_07_PHULUC_T07_2009_PL8a.md,PL8a,"TÌNH HÌNH XUẤT, NHẬP KHẨU NÔNG LÂM THUỶ SẢN",36,0.8,,False,Complete
eb0a2cdd-02f9-48a8-b92b-737cac365cc4,2009,1,2009-01-31,Monthly,National,cả nước,,,Trade,,Xuất khẩu,Export_Volume,66641.3,1000_ton,Actual,2009_07_PHULUC_T07_2009_PL8b.md,PL8b,"TÌNH HÌNH XUẤT, NHẬP KHẨU NÔNG LÂM THUỶ SẢN",3,0.8,,False,Complete
2ba22577-d916-42b2-adb9-008a888b9fbf,2009,1,2009-01-31,Monthly,National,cả nước,,,Trade,,Xuất khẩu,Export_Value,66475.0,million_USD,Actual,2009_07_PHULUC_T07_2009_PL8b.md,PL8b,"TÌNH HÌNH XUẤT, NHẬP KHẨU NÔNG LÂM THUỶ SẢN",3,0.8,,False,Complete
707c87cb-5e14-48bc-8fa4-45a4b5d8c7a0,2009,1,2009-01-31,Monthly,National,cả nước,,,Trade,,Xuất khẩu,Export_Volume,49112.7,1000_ton,Actual,2009_07_PHULUC_T07_2009_PL8b.md,PL8b,"TÌNH HÌNH XUẤT, NHẬP KHẨU NÔNG LÂM THUỶ SẢN",13,0.8,,False,Complete
4380bd70-78f9-4d37-a838-e11b0212c588,2009,1,2009-01-31,Monthly,National,cả nước,,,Trade,,Xuất khẩu,Export_Value,32454.0,million_USD,Actual,2009_07_PHULUC_T07_2009_PL8b.md,PL8b,"TÌNH HÌNH XUẤT, NHẬP KHẨU NÔNG LÂM THUỶ SẢN",13,0.8,,False,Complete
9142d68c-4e9a-4f60-aa3c-518f6883a51d,2009,1,2009-01-31,Monthly,National,cả nước,,,Trade,,Xuất khẩu,Export_Volume,97037.5,1000_ton,Actual,2009_07_PHULUC_T07_2009_PL8b.md,PL8b,"TÌNH HÌNH XUẤT, NHẬP KHẨU NÔNG LÂM THUỶ SẢN",24,0.8,,False,Complete
0efc95cc-586c-4465-b771-6cc96dadd2b9,2009,1,2009-01-31,Monthly,National,cả nước,,,Trade,,Xuất khẩu,Export_Volume,108539.0,1000_ton,Actual,2009_07_PHULUC_T07_2009_PL8b.md,PL8b,"TÌNH HÌNH XUẤT, NHẬP KHẨU NÔNG LÂM THUỶ SẢN",35,0.8,,False,Complete
60f80a5b-9831-41e7-b592-5c4cebed9baf,2009,1,2009-01-31,Monthly,National,cả nước,,,Trade,,Xuất khẩu,Export_Value,559236.0,million_USD,Actual,2009_07_PHULUC_T07_2009_PL8b.md,PL8b,"TÌNH HÌNH XUẤT, NHẬP KHẨU NÔNG LÂM THUỶ SẢN",35,0.8,,False,Complete
a6ef88b6-63cf-4a27-a693-b8e0e582dbed,2009,1,2009-01-31,Monthly,National,cả nước,,,Trade,,Xuất khẩu,Export_Volume,89518.0,1000_ton,Actual,2009_07_PHULUC_T07_2009_PL8b.md,PL8b,"TÌNH HÌNH XUẤT, NHẬP KHẨU NÔNG LÂM THUỶ SẢN",41,0.8,,False,Complete
b6a772b0-3ef1-41e9-949a-6d5724953965,2009,1,2009-01-31,Monthly,National,cả nước,,,Trade,,Xuất khẩu,Export_Volume,80784.0,1000_ton,Actual,2009_08_PHULUC_T08_2009_PL8a.md,PL8a,"TÌNH HÌNH XUẤT, NHẬP KHẨU NÔNG LÂM THUỶ SẢN",3,0.8,,False,Complete
6601fdc6-ddeb-4206-9a32-b29a24931ef9,2009,1,2009-01-31,Monthly,National,cả nước,,,Trade,,Xuất khẩu,Export_Value,114595.0,million_USD,Actual,2009_08_PHULUC_T08_2009_PL8a.md,PL8a,"TÌNH HÌNH XUẤT, NHẬP KHẨU NÔNG LÂM THUỶ SẢN",3,0.8,,False,Complete
8cd97516-a285-4e90-9e9c-a6365695cb18,2009,1,2009-01-31,Monthly,National,cả nước,,,Trade,,Xuất khẩu,Export_Volume,542460.0,1000_ton,Actual,2009_08_PHULUC_T08_2009_PL8a.md,PL8a,"TÌNH HÌNH XUẤT, NHẬP KHẨU NÔNG LÂM THUỶ SẢN",14,0.8,,False,Complete
fe0adf73-6b11-4bc5-a23e-c188354a406d,2009,1,2009-01-31,Monthly,National,cả nước,,,Trade,,Xuất khẩu,Export_Value,229125.0,million_USD,Actual,2009_08_PHULUC_T08_2009_PL8a.md,PL8a,"TÌNH HÌNH XUẤT, NHẬP KHẨU NÔNG LÂM THUỶ SẢN",14,0.8,,False,Complete
66b062c9-f8db-4cfa-a74b-32801ba0c0ab,2009,1,2009-01-31,Monthly,National,cả nước,,,Trade,,Xuất khẩu,Export_Volume,19153.0,1000_ton,Actual,2009_08_PHULUC_T08_2009_PL8a.md,PL8a,"TÌNH HÌNH XUẤT, NHẬP KHẨU NÔNG LÂM THUỶ SẢN",25,0.8,,False,Complete
9d68374a-2398-4557-808f-e7c92860c5cd,2009,1,2009-01-31,Monthly,National,cả nước,,,Trade,,Xuất khẩu,Export_Value,16713.0,million_USD,Actual,2009_08_PHULUC_T08_2009_PL8a.md,PL8a,"TÌNH HÌNH XUẤT, NHẬP KHẨU NÔNG LÂM THUỶ SẢN",25,0.8,,False,Complete
2b800b18-8b8d-4229-a284-6029e3545c7d,2009,1,2009-01-31,Monthly,National,cả nước,,,Trade,,Xuất khẩu,Export_Volume,882902.0,1000_ton,Actual,2009_08_PHULUC_T08_2009_PL8a.md,PL8a,"TÌNH HÌNH XUẤT, NHẬP KHẨU NÔNG LÂM THUỶ SẢN",36,0.8,,False,Complete
af3b58dc-d45a-42f4-88f7-1fca08073ee4,2009,1,2009-01-31,Monthly,National,cả nước,,,Trade,,Xuất khẩu,Export_Value,1573076.0,million_USD,Actual,2009_08_PHULUC_T08_2009_PL8a.md,PL8a,"TÌNH HÌNH XUẤT, NHẬP KHẨU NÔNG LÂM THUỶ SẢN",36,0.8,,False,Complete
cf665602-9035-4a33-a161-7cbd0a830c16,2009,1,2009-01-31,Monthly,National,cả nước,,,Trade,,Xuất khẩu,Export_Volume,86777.0,1000_ton,Actual,2009_08_PHULUC_T08_2009_PL8b.md,PL8b,"TÌNH HÌNH XUẤT, NHẬP KHẨU NÔNG LÂM THUỶ SẢN",3,0.8,,False,Complete
acbb5e74-3da2-4b9c-b642-98aaab4c045b,2009,1,2009-01-31,Monthly,National,cả nước,,,Trade,,Xuất khẩu,Export_Value,87079.0,million_USD,Actual,2009_08_PHULUC_T08_2009_PL8b.md,PL8b,"TÌNH HÌNH XUẤT, NHẬP KHẨU NÔNG LÂM THUỶ SẢN",3,0.8,,False,Complete
e451636a-e722-4d59-bf0d-48c4e433b2e0,2009,1,2009-01-31,Monthly,National,cả nước,,,Trade,,Xuất khẩu,Export_Volume,62311.0,1000_ton,Actual,2009_08_PHULUC_T08_2009_PL8b.md,PL8b,"TÌNH HÌNH XUẤT, NHẬP KHẨU NÔNG LÂM THUỶ SẢN",14,0.8,,False,Complete
3ca2af73-7014-4357-a628-fd559eb716f1,2009,1,2009-01-31,Monthly,National,cả nước,,,Trade,,Xuất khẩu,Export_Value,35937.0,million_USD,Actual,2009_08_PHULUC_T08_2009_PL8b.md,PL8b,"TÌNH HÌNH XUẤT, NHẬP KHẨU NÔNG LÂM THUỶ SẢN",14,0.8,,False,Complete
56ea9086-08c8-4134-842c-c839e615650f,2009,1,2009-01-31,Monthly,National,cả nước,,,Trade,,Xuất khẩu,Export_Volume,166065.0,1000_ton,Actual,2009_08_PHULUC_T08_2009_PL8b.md,PL8b,"TÌNH HÌNH XUẤT, NHẬP KHẨU NÔNG LÂM THUỶ SẢN",25,0.8,,False,Complete
d8d2fbc9-3c2c-4063-adbf-0c21c90b492d,2009,1,2009-01-31,Monthly,National,cả nước,,,Trade,,Xuất khẩu,Export_Volume,110156.0,1000_ton,Actual,2009_08_PHULUC_T08_2009_PL8b.md,PL8b,"TÌNH HÌNH XUẤT, NHẬP KHẨU NÔNG LÂM THUỶ SẢN",36,0.8,,False,Complete
f66fccdd-e4c0-4eea-9253-e7dc3deb6b15,2009,1,2009-01-31,Monthly,National,cả nước,,,Trade,,Xuất khẩu,Export_Volume,133069.0,1000_ton,Actual,2009_08_PHULUC_T08_2009_PL8b.md,PL8b,"TÌNH HÌNH XUẤT, NHẬP KHẨU NÔNG LÂM THUỶ SẢN",47,0.8,,False,Complete
b0577979-f4e6-4cd8-809a-52dfe28d0da3,2009,1,2009-01-31,Monthly,National,cả nước,,,Trade,,Xuất khẩu,Export_Value,646180.0,million_USD,Actual,2009_08_PHULUC_T08_2009_PL8b.md,PL8b,"TÌNH HÌNH XUẤT, NHẬP KHẨU NÔNG LÂM THUỶ SẢN",47,0.8,,False,Complete
36ec0113-5d9a-48dd-a79b-90dc490162fb,2009,1,2009-01-31,Monthly,National,cả nước,,,Trade,,Xuất khẩu,Export_Value,1317.0,million_USD,Actual,2009_03_PHULUC_T03_2009_FINAL_PL8.md,PL8,"TÌNH HÌNH XUẤT, NHẬP KHẨU NÔNG LÂM THUỶ SẢN",5,0.8,,False,Complete
0459e26a-0a24-4c1b-a96a-1439a7a7d9ac,2009,1,2009-01-31,Monthly,National,cả nước,,,Trade,,Xuất khẩu,Export_Value,2145.0,million_USD,Actual,2009_04_PHULUC_T04_2009_PL8.md,PL8,"TÌNH HÌNH XUẤT, NHẬP KHẨU NÔNG LÂM THUỶ SẢN",5,0.8,,False,Complete
975a4c47-41db-49c1-b9cc-cf590079b97c,2009,1,2009-01-31,Monthly,National,cả nước,,,Trade,,Xuất khẩu,Export_Value,2913.0,million_USD,Actual,2009_05_PHULUC_T05_2009_PL8.md,PL8,"TÌNH HÌNH XUẤT, NHẬP KHẨU NÔNG LÂM THUỶ SẢN",5,0.8,,False,Complete
262ecb2b-0d46-4f61-b023-9e0b8b5a5783,2009,1,2009-01-31,Monthly,National,cả nước,,,Trade,,Xuất khẩu,Export_Value,718.0,million_USD,Actual,2009_06_PHULUC_T06_2009_PL8.md,PL8,"TÌNH HÌNH XUẤT, NHẬP KHẨU NÔNG LÂM THUỶ SẢN",5,0.8,,False,Complete
35f769cb-a84f-4f87-aecb-db22f122ce10,2009,1,2009-01-31,Monthly,National,cả nước,,,Trade,,Xuất khẩu,Export_Value,686.0,million_USD,Actual,2009_07_PHULUC_T07_2009_PL8.md,PL8,"TÌNH HÌNH XUẤT, NHẬP KHẨU NÔNG LÂM THUỶ SẢN",5,0.8,,False,Complete
cd93a7ab-64b6-4431-bdf4-2d655aeb06c1,2009,1,2009-01-31,Monthly,National,cả nước,,,Trade,,Xuất khẩu,Export_Value,621.0,million_USD,Actual,2009_08_PHULUC_T08_2009_PL8.md,PL8,"TÌNH HÌNH XUẤT, NHẬP KHẨU NÔNG LÂM THUỶ SẢN",5,0.8,,False,Complete
ea594293-ab30-4842-9250-7d0bbf177946,2009,1,2009-01-31,Monthly,National,cả nước,,,Trade,,Xuất khẩu,Export_Value,513.0,million_USD,Actual,2009_10_PHULUC_T10_2009_FINAL_PL8.md,PL8,"TÌNH HÌNH XUẤT, NHẬP KHẨU NÔNG LÂM THUỶ SẢN",5,0.8,,False,Complete
dc651787-a454-415c-9e9e-ee0249531990,2009,1,2009-01-31,Monthly,National,cả nước,,,Trade,,Xuất khẩu,Export_Value,555.0,million_USD,Actual,2009_02_PHULUC_t02_2009_FINAL_PL8.md,PL8,"TÌNH HÌNH XUẤT, NHẬP KHẨU NÔNG LÂM THUỶ SẢN",5,0.8,,False,Complete
efaaa72e-9361-4b24-b42b-2183bbf45833,2009,1,2009-01-31,Monthly,National,cả nước,,,Trade,,Xuất khẩu,Export_Volume,45077.0,1000_ton,Actual,2009_06_PHULUC_T06_2009_PL8a.md,PL8a,"TÌNH HÌNH XUẤT, NHẬP KHẨU NÔNG LÂM THUỶ SẢN",12,0.8,,False,Complete
4d0c9e63-3b03-435d-bd90-c19e348165be,2009,1,2009-01-31,Monthly,National,cả nước,,,Trade,,Xuất khẩu,Export_Value,15105.0,million_USD,Actual,2009_06_PHULUC_T06_2009_PL8a.md,PL8a,"TÌNH HÌNH XUẤT, NHẬP KHẨU NÔNG LÂM THUỶ SẢN",12,0.8,,False,Complete
a1e44e93-4e71-485d-a26a-355c4890aada,2009,1,2009-01-31,Monthly,National,cả nước,,,Trade,,Xuất khẩu,Export_Volume,1163.0,1000_ton,Actual,2009_06_PHULUC_T06_2009_PL8a.md,PL8a,"TÌNH HÌNH XUẤT, NHẬP KHẨU NÔNG LÂM THUỶ SẢN",33,0.8,,False,Complete
b8067b59-4910-4c81-a5b9-1e98d3a3728e,2009,1,2009-01-31,Monthly,National,cả nước,,,Trade,,Xuất khẩu,Export_Value,132.0,million_USD,Actual,2009_06_PHULUC_T06_2009_PL8a.md,PL8a,"TÌNH HÌNH XUẤT, NHẬP KHẨU NÔNG LÂM THUỶ SẢN",33,0.8,,False,Complete
6e756f13-0c00-4aa7-95e5-1608b9934cd7,2009,1,2009-01-31,Monthly,National,cả nước,,,Trade,,Xuất khẩu,Export_Volume,1486.886,1000_ton,Actual,2009_06_PHULUC_T06_2009_PL8b.md,PL8b,"TÌNH HÌNH XUẤT, NHẬP KHẨU NÔNG LÂM THUỶ SẢN",22,0.8,,False,Complete
4f308198-74ea-44c2-bc7a-f9ab2ca7c6a3,2009,1,2009-01-31,Monthly,National,cả nước,,,Trade,,Xuất khẩu,Export_Value,861.0,million_USD,Actual,2009_06_PHULUC_T06_2009_PL8b.md,PL8b,"TÌNH HÌNH XUẤT, NHẬP KHẨU NÔNG LÂM THUỶ SẢN",22,0.8,,False,Complete
3a97a2fd-4299-4a22-915e-70f8ae72afa9,2009,1,2009-01-31,Monthly,National,cả nước,,,Trade,,Xuất khẩu,Export_Volume,2400.422,1000_ton,Actual,2009_06_PHULUC_T06_2009_PL8b.md,PL8b,"TÌNH HÌNH XUẤT, NHẬP KHẨU NÔNG LÂM THUỶ SẢN",33,0.8,,False,Complete
48ba3b17-a67a-4358-b1ad-1bdceb5bbbc1,2009,1,2009-01-31,Monthly,National,cả nước,,,Trade,,Xuất khẩu,Export_Volume,5815.398,1000_ton,Actual,2009_06_PHULUC_T06_2009_PL8b.md,PL8b,"TÌNH HÌNH XUẤT, NHẬP KHẨU NÔNG LÂM THUỶ SẢN",44,0.8,,False,Complete
9e292faa-5c82-433b-8b88-afb4bcee920c,2009,1,2009-01-31,Monthly,National,cả nước,,,Trade,,Xuất khẩu,Export_Volume,47036.0,1000_ton,Actual,2009_07_PHULUC_T07_2009_PL8a.md,PL8a,"TÌNH HÌNH XUẤT, NHẬP KHẨU NÔNG LÂM THUỶ SẢN",12,0.8,,False,Complete
a8b63d33-b1d0-4773-bf9f-a8f044c2bf1e,2009,1,2009-01-31,Monthly,National,cả nước,,,Trade,,Xuất khẩu,Export_Value,16610.0,million_USD,Actual,2009_07_PHULUC_T07_2009_PL8a.md,PL8a,"TÌNH HÌNH XUẤT, NHẬP KHẨU NÔNG LÂM THUỶ SẢN",12,0.8,,False,Complete
e7739a1b-addc-49ea-bf78-b34b569d1d82,2009,1,2009-01-31,Monthly,National,cả nước,,,Trade,,Xuất khẩu,Export_Volume,5988.0,1000_ton,Actual,2009_07_PHULUC_T07_2009_PL8a.md,PL8a,"TÌNH HÌNH XUẤT, NHẬP KHẨU NÔNG LÂM THUỶ SẢN",23,0.8,,False,Complete
4633d4bb-b3d4-4021-b3a7-c3bf02dc4cf7,2009,1,2009-01-31,Monthly,National,cả nước,,,Trade,,Xuất khẩu,Export_Value,2126.0,million_USD,Actual,2009_07_PHULUC_T07_2009_PL8a.md,PL8a,"TÌNH HÌNH XUẤT, NHẬP KHẨU NÔNG LÂM THUỶ SẢN",23,0.8,,False,Complete
241ebb4d-4a0e-47d8-9da5-4ece1dcc5f5d,2009,1,2009-01-31,Monthly,National,cả nước,,,Trade,,Xuất khẩu,Export_Volume,1242.0,1000_ton,Actual,2009_07_PHULUC_T07_2009_PL8a.md,PL8a,"TÌNH HÌNH XUẤT, NHẬP KHẨU NÔNG LÂM THUỶ SẢN",34,0.8,,False,Complete
11d86d88-9136-4aa6-adc9-22b76f5913d8,2009,1,2009-01-31,Monthly,National,cả nước,,,Trade,,Xuất khẩu,Export_Value,132.0,million_USD,Actual,2009_07_PHULUC_T07_2009_PL8a.md,PL8a,"TÌNH HÌNH XUẤT, NHẬP KHẨU NÔNG LÂM THUỶ SẢN",34,0.8,,False,Complete
7d9ca9ba-7806-4c79-8983-11ef8f8169f3,2009,1,2009-01-31,Monthly,National,cả nước,,,Trade,,Xuất khẩu,Export_Volume,3440.71,1000_ton,Actual,2009_07_PHULUC_T07_2009_PL8b.md,PL8b,"TÌNH HÌNH XUẤT, NHẬP KHẨU NÔNG LÂM THUỶ SẢN",22,0.8,,False,Complete
82120f75-dbec-4530-8591-ea8227ad4532,2009,1,2009-01-31,Monthly,National,cả nước,,,Trade,,Xuất khẩu,Export_Value,1278.0,million_USD,Actual,2009_07_PHULUC_T07_2009_PL8b.md,PL8b,"TÌNH HÌNH XUẤT, NHẬP KHẨU NÔNG LÂM THUỶ SẢN",22,0.8,,False,Complete
334e50e4-1cbc-474d-86c8-eb831df98855,2009,1,2009-01-31,Monthly,National,cả nước,,,Trade,,Xuất khẩu,Export_Volume,33669.4,1000_ton,Actual,2009_07_PHULUC_T07_2009_PL8b.md,PL8b,"TÌNH HÌNH XUẤT, NHẬP KHẨU NÔNG LÂM THUỶ SẢN",33,0.8,,False,Complete
a5f36348-3cb1-456e-9275-daf7ae0d649c,2009,1,2009-01-31,Monthly,National,cả nước,,,Trade,,Xuất khẩu,Export_Volume,6305.02,1000_ton,Actual,2009_07_PHULUC_T07_2009_PL8b.md,PL8b,"TÌNH HÌNH XUẤT, NHẬP KHẨU NÔNG LÂM THUỶ SẢN",50,0.8,,False,Complete
2ee22fb7-dea4-441a-9223-e1fe5aa209f9,2009,1,2009-01-31,Monthly,National,cả nước,,,Trade,,Xuất khẩu,Export_Volume,49861.0,1000_ton,Actual,2009_08_PHULUC_T08_2009_PL8a.md,PL8a,"TÌNH HÌNH XUẤT, NHẬP KHẨU NÔNG LÂM THUỶ SẢN",12,0.8,,False,Complete
00935315-21ae-46e4-88bc-c8c60a889378,2009,1,2009-01-31,Monthly,National,cả nước,,,Trade,,Xuất khẩu,Export_Value,17495.0,million_USD,Actual,2009_08_PHULUC_T08_2009_PL8a.md,PL8a,"TÌNH HÌNH XUẤT, NHẬP KHẨU NÔNG LÂM THUỶ SẢN",12,0.8,,False,Complete
7eb7a6c9-1239-4707-8aef-3e7d20a679f1,2009,1,2009-01-31,Monthly,National,cả nước,,,Trade,,Xuất khẩu,Export_Volume,3877.0,1000_ton,Actual,2009_08_PHULUC_T08_2009_PL8a.md,PL8a,"TÌNH HÌNH XUẤT, NHẬP KHẨU NÔNG LÂM THUỶ SẢN",23,0.8,,False,Complete
eecb9e3b-c9b5-4273-a2f3-889bdab1a747,2009,1,2009-01-31,Monthly,National,cả nước,,,Trade,,Xuất khẩu,Export_Value,3759.0,million_USD,Actual,2009_08_PHULUC_T08_2009_PL8a.md,PL8a,"TÌNH HÌNH XUẤT, NHẬP KHẨU NÔNG LÂM THUỶ SẢN",23,0.8,,False,Complete
32a4980f-006b-4f81-80be-7bb46895585d,2009,1,2009-01-31,Monthly,National,cả nước,,,Trade,,Xuất khẩu,Export_Volume,1449.0,1000_ton,Actual,2009_08_PHULUC_T08_2009_PL8a.md,PL8a,"TÌNH HÌNH XUẤT, NHẬP KHẨU NÔNG LÂM THUỶ SẢN",34,0.8,,False,Complete
cd70abe0-0b78-4cc2-8ab2-831844c9fbfc,2009,1,2009-01-31,Monthly,National,cả nước,,,Trade,,Xuất khẩu,Export_Value,197.0,million_USD,Actual,2009_08_PHULUC_T08_2009_PL8a.md,PL8a,"TÌNH HÌNH XUẤT, NHẬP KHẨU NÔNG LÂM THUỶ SẢN",34,0.8,,False,Complete
8983172b-0011-4b43-87c1-c2839a7e19dd,2009,1,2009-01-31,Monthly,National,cả nước,,,Trade,,Xuất khẩu,Export_Volume,6248.0,1000_ton,Actual,2009_08_PHULUC_T08_2009_PL8b.md,PL8b,"TÌNH HÌNH XUẤT, NHẬP KHẨU NÔNG LÂM THUỶ SẢN",12,0.8,,False,Complete
3a1e1556-b2ab-434a-b2f6-7c7e09e4ef43,2009,1,2009-01-31,Monthly,National,cả nước,,,Trade,,Xuất khẩu,Export_Value,97.0,million_USD,Actual,2009_08_PHULUC_T08_2009_PL8b.md,PL8b,"TÌNH HÌNH XUẤT, NHẬP KHẨU NÔNG LÂM THUỶ SẢN",12,0.8,,False,Complete
7fae3e91-28ff-483c-81ab-48b014babd3b,2009,1,2009-01-31,Monthly,National,cả nước,,,Trade,,Xuất khẩu,Export_Volume,9532.0,1000_ton,Actual,2009_08_PHULUC_T08_2009_PL8b.md,PL8b,"TÌNH HÌNH XUẤT, NHẬP KHẨU NÔNG LÂM THUỶ SẢN",23,0.8,,False,Complete
583cec67-243f-4ee8-8158-c1b862fb1bef,2009,1,2009-01-31,Monthly,National,cả nước,,,Trade,,Xuất khẩu,Export_Value,4734.0,million_USD,Actual,2009_08_PHULUC_T08_2009_PL8b.md,PL8b,"TÌNH HÌNH XUẤT, NHẬP KHẨU NÔNG LÂM THUỶ SẢN",23,0.8,,False,Complete
46895b6e-248a-4fde-a34f-62dc6ea3f2d9,2009,1,2009-01-31,Monthly,National,cả nước,,,Trade,,Xuất khẩu,Export_Volume,34280.0,1000_ton,Actual,2009_08_PHULUC_T08_2009_PL8b.md,PL8b,"TÌNH HÌNH XUẤT, NHẬP KHẨU NÔNG LÂM THUỶ SẢN",34,0.8,,False,Complete
fa4bc654-cbe2-4098-a547-4c56272e2b98,2009,1,2009-01-31,Monthly,National,cả nước,,,Trade,,Xuất khẩu,Export_Volume,17820.0,1000_ton,Actual,2009_08_PHULUC_T08_2009_PL8b.md,PL8b,"TÌNH HÌNH XUẤT, NHẬP KHẨU NÔNG LÂM THUỶ SẢN",45,0.8,,False,Complete
df1f6b19-ddbb-483c-9fdc-8fc45b6b5a9c,2009,1,2009-01-31,Monthly,National,cả nước,,,Trade,,Xuất khẩu,Export_Volume,140706.0,1000_ton,Actual,2009_06_PHULUC_T06_2009_PL8a.md,PL8a,"TÌNH HÌNH XUẤT, NHẬP KHẨU NÔNG LÂM THUỶ SẢN",4,0.8,,False,Complete
8dd3dce2-30a5-42e2-a312-36bd5c78d1e0,2009,1,2009-01-31,Monthly,National,cả nước,,,Trade,,Xuất khẩu,Export_Value,70418.0,million_USD,Actual,2009_06_PHULUC_T06_2009_PL8a.md,PL8a,"TÌNH HÌNH XUẤT, NHẬP KHẨU NÔNG LÂM THUỶ SẢN",4,0.8,,False,Complete
a91a4f2b-5e29-46d0-9d46-d376224085dd,2009,1,2009-01-31,Monthly,National,cả nước,,,Trade,,Xuất khẩu,Export_Volume,24581.0,1000_ton,Actual,2009_06_PHULUC_T06_2009_PL8a.md,PL8a,"TÌNH HÌNH XUẤT, NHẬP KHẨU NÔNG LÂM THUỶ SẢN",15,0.8,,False,Complete
db7196da-b9e2-4203-b862-25b228707a31,2009,1,2009-01-31,Monthly,National,cả nước,,,Trade,,Xuất khẩu,Export_Value,8985.0,million_USD,Actual,2009_06_PHULUC_T06_2009_PL8a.md,PL8a,"TÌNH HÌNH XUẤT, NHẬP KHẨU NÔNG LÂM THUỶ SẢN",15,0.8,,False,Complete
9d7437ec-29df-47f2-99c0-faf2bd66d0aa,2009,1,2009-01-31,Monthly,National,cả nước,,,Trade,,Xuất khẩu,Export_Volume,5237.0,1000_ton,Actual,2009_06_PHULUC_T06_2009_PL8a.md,PL8a,"TÌNH HÌNH XUẤT, NHẬP KHẨU NÔNG LÂM THUỶ SẢN",25,0.8,,False,Complete
b39a9cc5-3b72-4621-9c94-a0c2f26e066f,2009,1,2009-01-31,Monthly,National,cả nước,,,Trade,,Xuất khẩu,Export_Value,7100.0,million_USD,Actual,2009_06_PHULUC_T06_2009_PL8a.md,PL8a,"TÌNH HÌNH XUẤT, NHẬP KHẨU NÔNG LÂM THUỶ SẢN",25,0.8,,False,Complete
243dca15-15b1-4594-a642-94efab003253,2009,1,2009-01-31,Monthly,National,cả nước,,,Trade,,Xuất khẩu,Export_Volume,128164.0,1000_ton,Actual,2009_06_PHULUC_T06_2009_PL8a.md,PL8a,"TÌNH HÌNH XUẤT, NHẬP KHẨU NÔNG LÂM THUỶ SẢN",36,0.8,,False,Complete
d725f93c-fa9f-488a-82f0-9c3c48fd38fc,2009,1,2009-01-31,Monthly,National,cả nước,,,Trade,,Xuất khẩu,Export_Value,295560.0,million_USD,Actual,2009_06_PHULUC_T06_2009_PL8a.md,PL8a,"TÌNH HÌNH XUẤT, NHẬP KHẨU NÔNG LÂM THUỶ SẢN",36,0.8,,False,Complete
b4fab9c8-e297-4acd-a0a3-f3161fc9fe1c,2009,1,2009-01-31,Monthly,National,cả nước,,,Trade,,Xuất khẩu,Export_Volume,5063.0,1000_ton,Actual,2009_06_PHULUC_T06_2009_PL8b.md,PL8b,"TÌNH HÌNH XUẤT, NHẬP KHẨU NÔNG LÂM THUỶ SẢN",4,0.8,,False,Complete
c90fddc8-e3fd-4ab0-93d1-430504ac8596,2009,1,2009-01-31,Monthly,National,cả nước,,,Trade,,Xuất khẩu,Export_Value,4434.0,million_USD,Actual,2009_06_PHULUC_T06_2009_PL8b.md,PL8b,"TÌNH HÌNH XUẤT, NHẬP KHẨU NÔNG LÂM THUỶ SẢN",4,0.8,,False,Complete
fcdd7177-7e0c-4cfa-bbe8-a0df7e5b0e17,2009,1,2009-01-31,Monthly,National,cả nước,,,Trade,,Xuất khẩu,Export_Volume,30674.55,1000_ton,Actual,2009_06_PHULUC_T06_2009_PL8b.md,PL8b,"TÌNH HÌNH XUẤT, NHẬP KHẨU NÔNG LÂM THUỶ SẢN",14,0.8,,False,Complete
03e7c679-44d5-492c-b578-2f45d9e6a5d4,2009,1,2009-01-31,Monthly,National,cả nước,,,Trade,,Xuất khẩu,Export_Value,16856.0,million_USD,Actual,2009_06_PHULUC_T06_2009_PL8b.md,PL8b,"TÌNH HÌNH XUẤT, NHẬP KHẨU NÔNG LÂM THUỶ SẢN",14,0.8,,False,Complete
af974b95-dcf6-470b-a672-38349cd6410b,2009,1,2009-01-31,Monthly,National,cả nước,,,Trade,,Xuất khẩu,Export_Volume,137897.0,1000_ton,Actual,2009_06_PHULUC_T06_2009_PL8b.md,PL8b,"TÌNH HÌNH XUẤT, NHẬP KHẨU NÔNG LÂM THUỶ SẢN",25,0.8,,False,Complete
01a35137-0504-4d63-8fdc-e86243994295,2009,1,2009-01-31,Monthly,National,cả nước,,,Trade,,Xuất khẩu,Export_Volume,52330.22,1000_ton,Actual,2009_06_PHULUC_T06_2009_PL8b.md,PL8b,"TÌNH HÌNH XUẤT, NHẬP KHẨU NÔNG LÂM THUỶ SẢN",36,0.8,,False,Complete
d56c25a4-55f0-411c-8ebd-80d7800e9094,2009,1,2009-01-31,Monthly,National,cả nước,,,Trade,,Xuất khẩu,Export_Volume,2532.841,1000_ton,Actual,2009_06_PHULUC_T06_2009_PL8b.md,PL8b,"TÌNH HÌNH XUẤT, NHẬP KHẨU NÔNG LÂM THUỶ SẢN",47,0.8,,False,Complete
277a3349-01eb-4748-95b7-548d1f68fe82,2009,1,2009-01-31,Monthly,National,cả nước,,,Trade,,Xuất khẩu,Export_Value,70093.0,million_USD,Actual,2009_06_PHULUC_T06_2009_PL8b.md,PL8b,"TÌNH HÌNH XUẤT, NHẬP KHẨU NÔNG LÂM THUỶ SẢN",47,0.8,,False,Complete
b21ddd32-8ee8-4cec-8b19-27032f85cab0,2009,1,2009-01-31,Monthly,National,cả nước,,,Trade,,Xuất khẩu,Export_Volume,163182.0,1000_ton,Actual,2009_07_PHULUC_T07_2009_PL8a.md,PL8a,"TÌNH HÌNH XUẤT, NHẬP KHẨU NÔNG LÂM THUỶ SẢN",4,0.8,,False,Complete
e0b49b7e-a4ec-46c4-a3dc-f5ca4d429c30,2009,1,2009-01-31,Monthly,National,cả nước,,,Trade,,Xuất khẩu,Export_Value,79072.0,million_USD,Actual,2009_07_PHULUC_T07_2009_PL8a.md,PL8a,"TÌNH HÌNH XUẤT, NHẬP KHẨU NÔNG LÂM THUỶ SẢN",4,0.8,,False,Complete
3c4ba148-7091-4b5d-8357-795e586d2db1,2009,1,2009-01-31,Monthly,National,cả nước,,,Trade,,Xuất khẩu,Export_Volume,29659.0,1000_ton,Actual,2009_07_PHULUC_T07_2009_PL8a.md,PL8a,"TÌNH HÌNH XUẤT, NHẬP KHẨU NÔNG LÂM THUỶ SẢN",15,0.8,,False,Complete
c7a6a32e-116d-46e1-8bc5-4e6e7fa8fade,2009,1,2009-01-31,Monthly,National,cả nước,,,Trade,,Xuất khẩu,Export_Value,12501.0,million_USD,Actual,2009_07_PHULUC_T07_2009_PL8a.md,PL8a,"TÌNH HÌNH XUẤT, NHẬP KHẨU NÔNG LÂM THUỶ SẢN",15,0.8,,False,Complete
57615193-ed8c-466e-9470-e86891a1e609,2009,1,2009-01-31,Monthly,National,cả nước,,,Trade,,Xuất khẩu,Export_Volume,6734.0,1000_ton,Actual,2009_07_PHULUC_T07_2009_PL8a.md,PL8a,"TÌNH HÌNH XUẤT, NHẬP KHẨU NÔNG LÂM THUỶ SẢN",26,0.8,,False,Complete
8ec6a37c-f82c-49d7-8414-852ba70d38c6,2009,1,2009-01-31,Monthly,National,cả nước,,,Trade,,Xuất khẩu,Export_Value,8750.0,million_USD,Actual,2009_07_PHULUC_T07_2009_PL8a.md,PL8a,"TÌNH HÌNH XUẤT, NHẬP KHẨU NÔNG LÂM THUỶ SẢN",26,0.8,,False,Complete
148469cd-2bd8-4b3f-ba16-bd86294e8fcf,2009,1,2009-01-31,Monthly,National,cả nước,,,Trade,,Xuất khẩu,Export_Volume,144887.0,1000_ton,Actual,2009_07_PHULUC_T07_2009_PL8a.md,PL8a,"TÌNH HÌNH XUẤT, NHẬP KHẨU NÔNG LÂM THUỶ SẢN",37,0.8,,False,Complete
37a8879d-da0a-49d4-9d58-0eadf0e6c1bc,2009,1,2009-01-31,Monthly,National,cả nước,,,Trade,,Xuất khẩu,Export_Value,356422.0,million_USD,Actual,2009_07_PHULUC_T07_2009_PL8a.md,PL8a,"TÌNH HÌNH XUẤT, NHẬP KHẨU NÔNG LÂM THUỶ SẢN",37,0.8,,False,Complete
f3769b26-19b5-43ae-ac90-e75ab8297f2f,2009,1,2009-01-31,Monthly,National,cả nước,,,Trade,,Xuất khẩu,Export_Volume,4930.24,1000_ton,Actual,2009_07_PHULUC_T07_2009_PL8b.md,PL8b,"TÌNH HÌNH XUẤT, NHẬP KHẨU NÔNG LÂM THUỶ SẢN",4,0.8,,False,Complete
515af9fb-1004-4b00-80e8-580224e464cd,2009,1,2009-01-31,Monthly,National,cả nước,,,Trade,,Xuất khẩu,Export_Value,4868.0,million_USD,Actual,2009_07_PHULUC_T07_2009_PL8b.md,PL8b,"TÌNH HÌNH XUẤT, NHẬP KHẨU NÔNG LÂM THUỶ SẢN",4,0.8,,False,Complete
137a80af-54f5-42ab-beeb-1b91dfcfa5de,2009,1,2009-01-31,Monthly,National,cả nước,,,Trade,,Xuất khẩu,Export_Volume,37593.3,1000_ton,Actual,2009_07_PHULUC_T07_2009_PL8b.md,PL8b,"TÌNH HÌNH XUẤT, NHẬP KHẨU NÔNG LÂM THUỶ SẢN",14,0.8,,False,Complete
7a019205-57c8-4c16-9e95-f71555a5f176,2009,1,2009-01-31,Monthly,National,cả nước,,,Trade,,Xuất khẩu,Export_Value,21091.0,million_USD,Actual,2009_07_PHULUC_T07_2009_PL8b.md,PL8b,"TÌNH HÌNH XUẤT, NHẬP KHẨU NÔNG LÂM THUỶ SẢN",14,0.8,,False,Complete
8126cede-b16d-4265-8911-35a23c25b432,2009,1,2009-01-31,Monthly,National,cả nước,,,Trade,,Xuất khẩu,Export_Volume,155715.0,1000_ton,Actual,2009_07_PHULUC_T07_2009_PL8b.md,PL8b,"TÌNH HÌNH XUẤT, NHẬP KHẨU NÔNG LÂM THUỶ SẢN",25,0.8,,False,Complete
73dd1693-e706-46a7-939a-82dc9d99d074,2009,1,2009-01-31,Monthly,National,cả nước,,,Trade,,Xuất khẩu,Export_Volume,2398.46,1000_ton,Actual,2009_07_PHULUC_T07_2009_PL8b.md,PL8b,"TÌNH HÌNH XUẤT, NHẬP KHẨU NÔNG LÂM THUỶ SẢN",36,0.8,,False,Complete
836d3d59-e565-4c97-96d3-9ffe6a3e9043,2009,1,2009-01-31,Monthly,National,cả nước,,,Trade,,Xuất khẩu,Export_Value,72301.0,million_USD,Actual,2009_07_PHULUC_T07_2009_PL8b.md,PL8b,"TÌNH HÌNH XUẤT, NHẬP KHẨU NÔNG LÂM THUỶ SẢN",36,0.8,,False,Complete
86bd6dfa-4096-42ae-bb10-114fb1ade85b,2009,1,2009-01-31,Monthly,National,cả nước,,,Trade,,Xuất khẩu,Export_Volume,62925.2,1000_ton,Actual,2009_07_PHULUC_T07_2009_PL8b.md,PL8b,"TÌNH HÌNH XUẤT, NHẬP KHẨU NÔNG LÂM THUỶ SẢN",42,0.8,,False,Complete
3bc9e6ca-ddc1-4561-9ea6-51bd76efe0f2,2009,1,2009-01-31,Monthly,National,cả nước,,,Trade,,Xuất khẩu,Export_Volume,182471.0,1000_ton,Actual,2009_08_PHULUC_T08_2009_PL8a.md,PL8a,"TÌNH HÌNH XUẤT, NHẬP KHẨU NÔNG LÂM THUỶ SẢN",4,0.8,,False,Complete
4137324f-0610-4673-8460-c247d343461a,2009,1,2009-01-31,Monthly,National,cả nước,,,Trade,,Xuất khẩu,Export_Value,85284.0,million_USD,Actual,2009_08_PHULUC_T08_2009_PL8a.md,PL8a,"TÌNH HÌNH XUẤT, NHẬP KHẨU NÔNG LÂM THUỶ SẢN",4,0.8,,False,Complete
00851bf7-0bfa-4b6b-9f99-e02968db347c,2009,1,2009-01-31,Monthly,National,cả nước,,,Trade,,Xuất khẩu,Export_Volume,18102.0,1000_ton,Actual,2009_08_PHULUC_T08_2009_PL8a.md,PL8a,"TÌNH HÌNH XUẤT, NHẬP KHẨU NÔNG LÂM THUỶ SẢN",15,0.8,,False,Complete
85781ed1-99e0-407e-ac97-d0ab246a313d,2009,1,2009-01-31,Monthly,National,cả nước,,,Trade,,Xuất khẩu,Export_Value,14839.0,million_USD,Actual,2009_08_PHULUC_T08_2009_PL8a.md,PL8a,"TÌNH HÌNH XUẤT, NHẬP KHẨU NÔNG LÂM THUỶ SẢN",15,0.8,,False,Complete
24111d6d-e604-4e64-8cc2-c826a8f0ff55,2009,1,2009-01-31,Monthly,National,cả nước,,,Trade,,Xuất khẩu,Export_Volume,8683.0,1000_ton,Actual,2009_08_PHULUC_T08_2009_PL8a.md,PL8a,"TÌNH HÌNH XUẤT, NHẬP KHẨU NÔNG LÂM THUỶ SẢN",26,0.8,,False,Complete
9ec9c3df-7a9f-41d3-bea0-316f70b486ad,2009,1,2009-01-31,Monthly,National,cả nước,,,Trade,,Xuất khẩu,Export_Value,10845.0,million_USD,Actual,2009_08_PHULUC_T08_2009_PL8a.md,PL8a,"TÌNH HÌNH XUẤT, NHẬP KHẨU NÔNG LÂM THUỶ SẢN",26,0.8,,False,Complete
13d05b91-29a9-4d70-b144-2c7ee216239b,2009,1,2009-01-31,Monthly,National,cả nước,,,Trade,,Xuất khẩu,Export_Volume,166814.0,1000_ton,Actual,2009_08_PHULUC_T08_2009_PL8a.md,PL8a,"TÌNH HÌNH XUẤT, NHẬP KHẨU NÔNG LÂM THUỶ SẢN",37,0.8,,False,Complete
d27768f0-8a53-4eb2-b132-3428d622cd5c,2009,1,2009-01-31,Monthly,National,cả nước,,,Trade,,Xuất khẩu,Export_Value,410146.0,million_USD,Actual,2009_08_PHULUC_T08_2009_PL8a.md,PL8a,"TÌNH HÌNH XUẤT, NHẬP KHẨU NÔNG LÂM THUỶ SẢN",37,0.8,,False,Complete
98a92d63-f8f6-4a1a-a3ad-f832e9316059,2009,1,2009-01-31,Monthly,National,cả nước,,,Trade,,Xuất khẩu,Export_Volume,76117.0,1000_ton,Actual,2009_08_PHULUC_T08_2009_PL8b.md,PL8b,"TÌNH HÌNH XUẤT, NHẬP KHẨU NÔNG LÂM THUỶ SẢN",4,0.8,,False,Complete
48601895-2876-4286-bac9-e20822c5f61c,2009,1,2009-01-31,Monthly,National,cả nước,,,Trade,,Xuất khẩu,Export_Value,9338.0,million_USD,Actual,2009_08_PHULUC_T08_2009_PL8b.md,PL8b,"TÌNH HÌNH XUẤT, NHẬP KHẨU NÔNG LÂM THUỶ SẢN",4,0.8,,False,Complete
b0ab1a18-5fcf-44df-bc8f-0ceca8e8dcac,2009,1,2009-01-31,Monthly,National,cả nước,,,Trade,,Xuất khẩu,Export_Volume,50912.0,1000_ton,Actual,2009_08_PHULUC_T08_2009_PL8b.md,PL8b,"TÌNH HÌNH XUẤT, NHẬP KHẨU NÔNG LÂM THUỶ SẢN",15,0.8,,False,Complete
fbc5f468-8430-4465-9b10-b9a73a8971f8,2009,1,2009-01-31,Monthly,National,cả nước,,,Trade,,Xuất khẩu,Export_Value,25570.0,million_USD,Actual,2009_08_PHULUC_T08_2009_PL8b.md,PL8b,"TÌNH HÌNH XUẤT, NHẬP KHẨU NÔNG LÂM THUỶ SẢN",15,0.8,,False,Complete
6f5c8879-fcdc-4399-84fe-a651c1837618,2009,1,2009-01-31,Monthly,National,cả nước,,,Trade,,Xuất khẩu,Export_Volume,163433.0,1000_ton,Actual,2009_08_PHULUC_T08_2009_PL8b.md,PL8b,"TÌNH HÌNH XUẤT, NHẬP KHẨU NÔNG LÂM THUỶ SẢN",26,0.8,,False,Complete
435c96d1-f5ea-4daf-adc3-5202ec79b1da,2009,1,2009-01-31,Monthly,National,cả nước,,,Trade,,Xuất khẩu,Export_Volume,89472.0,1000_ton,Actual,2009_08_PHULUC_T08_2009_PL8b.md,PL8b,"TÌNH HÌNH XUẤT, NHẬP KHẨU NÔNG LÂM THUỶ SẢN",37,0.8,,False,Complete
e246f89d-d3e9-40fa-83ca-2cfd96fe68d2,2009,1,2009-01-31,Monthly,National,cả nước,,,Trade,,Xuất khẩu,Export_Volume,2804.0,1000_ton,Actual,2009_08_PHULUC_T08_2009_PL8b.md,PL8b,"TÌNH HÌNH XUẤT, NHẬP KHẨU NÔNG LÂM THUỶ SẢN",48,0.8,,False,Complete
13d1298c-8907-4ebd-9772-214e8fd2e77d,2009,1,2009-01-31,Monthly,National,cả nước,,,Trade,,Xuất khẩu,Export_Value,77758.0,million_USD,Actual,2009_08_PHULUC_T08_2009_PL8b.md,PL8b,"TÌNH HÌNH XUẤT, NHẬP KHẨU NÔNG LÂM THUỶ SẢN",48,0.8,,False,Complete
3ccb4383-32b6-45f0-ae1b-79415f67ceaf,2009,1,2009-01-31,Monthly,National,cả nước,,,Trade,,Xuất khẩu,Export_Value,215.0,million_USD,Actual,2009_02_PHULUC_t02_2009_FINAL_PL8.md,PL8,"TÌNH HÌNH XUẤT, NHẬP KHẨU NÔNG LÂM THUỶ SẢN",13,0.8,,False,Complete
38e5d7d9-d38c-49c2-b3d9-2a350ead5570,2009,1,2009-01-31,Monthly,National,cả nước,,,Trade,,Xuất khẩu,Export_Value,444.0,million_USD,Actual,2009_03_PHULUC_T03_2009_FINAL_PL8.md,PL8,"TÌNH HÌNH XUẤT, NHẬP KHẨU NÔNG LÂM THUỶ SẢN",14,0.8,,False,Complete
b4861f71-be49-42ac-9786-cd168de63bd2,2009,1,2009-01-31,Monthly,National,cả nước,,,Trade,,Xuất khẩu,Export_Value,748.0,million_USD,Actual,2009_04_PHULUC_T04_2009_PL8.md,PL8,"TÌNH HÌNH XUẤT, NHẬP KHẨU NÔNG LÂM THUỶ SẢN",14,0.8,,False,Complete
dd44ed7c-d5b2-40ba-873f-068e83d22053,2009,1,2009-01-31,Monthly,National,cả nước,,,Trade,,Xuất khẩu,Export_Value,1056.0,million_USD,Actual,2009_05_PHULUC_T05_2009_PL8.md,PL8,"TÌNH HÌNH XUẤT, NHẬP KHẨU NÔNG LÂM THUỶ SẢN",14,0.8,,False,Complete
79a04477-e1d1-40eb-9f05-405875ca5b14,2009,1,2009-01-31,Monthly,National,cả nước,,,Trade,,Xuất khẩu,Export_Value,317.0,million_USD,Actual,2009_06_PHULUC_T06_2009_PL8.md,PL8,"TÌNH HÌNH XUẤT, NHẬP KHẨU NÔNG LÂM THUỶ SẢN",14,0.8,,False,Complete
9ca12767-f7f3-44d7-960e-ae9ede325e63,2009,1,2009-01-31,Monthly,National,cả nước,,,Trade,,Xuất khẩu,Export_Value,379.0,million_USD,Actual,2009_07_PHULUC_T07_2009_PL8.md,PL8,"TÌNH HÌNH XUẤT, NHẬP KHẨU NÔNG LÂM THUỶ SẢN",14,0.8,,False,Complete
8101844d-57f7-435c-a9c3-2a14f1db0232,2009,1,2009-01-31,Monthly,National,cả nước,,,Trade,,Xuất khẩu,Export_Value,433.0,million_USD,Actual,2009_08_PHULUC_T08_2009_PL8.md,PL8,"TÌNH HÌNH XUẤT, NHẬP KHẨU NÔNG LÂM THUỶ SẢN",14,0.8,,False,Complete
52b2357f-3aa9-4c1a-8264-06c6a8c46753,2009,1,2009-01-31,Monthly,National,cả nước,,,Trade,,Xuất khẩu,Export_Value,426.0,million_USD,Actual,2009_10_PHULUC_T10_2009_FINAL_PL8.md,PL8,"TÌNH HÌNH XUẤT, NHẬP KHẨU NÔNG LÂM THUỶ SẢN",14,0.8,,False,Complete
fc4823d4-9dff-42f5-a7a4-39c67d7c8535,2009,1,2009-01-31,Monthly,National,cả nước,,,Trade,,Xuất khẩu,Export_Volume,108994.0,1000_ton,Actual,2009_06_PHULUC_T06_2009_PL8a.md,PL8a,"TÌNH HÌNH XUẤT, NHẬP KHẨU NÔNG LÂM THUỶ SẢN",5,0.8,,False,Complete
3acd76b0-b848-4262-94fa-9c44fcd9f279,2009,1,2009-01-31,Monthly,National,cả nước,,,Trade,,Xuất khẩu,Export_Value,68293.0,million_USD,Actual,2009_06_PHULUC_T06_2009_PL8a.md,PL8a,"TÌNH HÌNH XUẤT, NHẬP KHẨU NÔNG LÂM THUỶ SẢN",5,0.8,,False,Complete
8dd393ed-4201-4354-b8d6-40a2ee866799,2009,1,2009-01-31,Monthly,National,cả nước,,,Trade,,Xuất khẩu,Export_Volume,7524.0,1000_ton,Actual,2009_06_PHULUC_T06_2009_PL8a.md,PL8a,"TÌNH HÌNH XUẤT, NHẬP KHẨU NÔNG LÂM THUỶ SẢN",16,0.8,,False,Complete
4d1ada8b-9bce-4310-bc80-64c6eae12841,2009,1,2009-01-31,Monthly,National,cả nước,,,Trade,,Xuất khẩu,Export_Value,6247.0,million_USD,Actual,2009_06_PHULUC_T06_2009_PL8a.md,PL8a,"TÌNH HÌNH XUẤT, NHẬP KHẨU NÔNG LÂM THUỶ SẢN",16,0.8,,False,Complete
15d54d0f-69aa-46d2-9951-89eeacc3ec99,2009,1,2009-01-31,Monthly,National,cả nước,,,Trade,,Xuất khẩu,Export_Volume,7577.0,1000_ton,Actual,2009_06_PHULUC_T06_2009_PL8a.md,PL8a,"TÌNH HÌNH XUẤT, NHẬP KHẨU NÔNG LÂM THUỶ SẢN",26,0.8,,False,Complete
123cf471-c31a-4bd8-88eb-88b021d12736,2009,1,2009-01-31,Monthly,National,cả nước,,,Trade,,Xuất khẩu,Export_Value,5915.0,million_USD,Actual,2009_06_PHULUC_T06_2009_PL8a.md,PL8a,"TÌNH HÌNH XUẤT, NHẬP KHẨU NÔNG LÂM THUỶ SẢN",26,0.8,,False,Complete
9e1273ef-ce6b-4715-a0fe-39a3f60f33ae,2009,1,2009-01-31,Monthly,National,cả nước,,,Trade,,Xuất khẩu,Export_Volume,70623.0,1000_ton,Actual,2009_06_PHULUC_T06_2009_PL8a.md,PL8a,"TÌNH HÌNH XUẤT, NHẬP KHẨU NÔNG LÂM THUỶ SẢN",37,0.8,,False,Complete
5001fbe0-1b5c-4f23-8611-6148871c5347,2009,1,2009-01-31,Monthly,National,cả nước,,,Trade,,Xuất khẩu,Export_Value,211650.0,million_USD,Actual,2009_06_PHULUC_T06_2009_PL8a.md,PL8a,"TÌNH HÌNH XUẤT, NHẬP KHẨU NÔNG LÂM THUỶ SẢN",37,0.8,,False,Complete
a7da8bee-2d12-4179-a209-d88664885d8e,2009,1,2009-01-31,Monthly,National,cả nước,,,Trade,,Xuất khẩu,Export_Volume,3164.0,1000_ton,Actual,2009_06_PHULUC_T06_2009_PL8b.md,PL8b,"TÌNH HÌNH XUẤT, NHẬP KHẨU NÔNG LÂM THUỶ SẢN",5,0.8,,False,Complete
fb8a7bf7-1959-4454-bee5-9b477bd450f5,2009,1,2009-01-31,Monthly,National,cả nước,,,Trade,,Xuất khẩu,Export_Value,2409.0,million_USD,Actual,2009_06_PHULUC_T06_2009_PL8b.md,PL8b,"TÌNH HÌNH XUẤT, NHẬP KHẨU NÔNG LÂM THUỶ SẢN",5,0.8,,False,Complete
62909218-fd65-4a10-a3be-8ae613ba2b5f,2009,1,2009-01-31,Monthly,National,cả nước,,,Trade,,Xuất khẩu,Export_Volume,26813.56,1000_ton,Actual,2009_06_PHULUC_T06_2009_PL8b.md,PL8b,"TÌNH HÌNH XUẤT, NHẬP KHẨU NÔNG LÂM THUỶ SẢN",15,0.8,,False,Complete
b52fbeed-24dd-4332-be58-8b7c7b21be70,2009,1,2009-01-31,Monthly,National,cả nước,,,Trade,,Xuất khẩu,Export_Value,14631.0,million_USD,Actual,2009_06_PHULUC_T06_2009_PL8b.md,PL8b,"TÌNH HÌNH XUẤT, NHẬP KHẨU NÔNG LÂM THUỶ SẢN",15,0.8,,False,Complete
63e1a9ba-6477-48c9-9a4f-fd4bc8ea52f7,2009,1,2009-01-31,Monthly,National,cả nước,,,Trade,,Xuất khẩu,Export_Volume,30002.25,1000_ton,Actual,2009_06_PHULUC_T06_2009_PL8b.md,PL8b,"TÌNH HÌNH XUẤT, NHẬP KHẨU NÔNG LÂM THUỶ SẢN",26,0.8,,False,Complete
867ff113-be81-436f-b02e-999780ee105e,2009,1,2009-01-31,Monthly,National,cả nước,,,Trade,,Xuất khẩu,Export_Volume,62919.59,1000_ton,Actual,2009_06_PHULUC_T06_2009_PL8b.md,PL8b,"TÌNH HÌNH XUẤT, NHẬP KHẨU NÔNG LÂM THUỶ SẢN",37,0.8,,False,Complete
1843b369-d56f-4bfa-a7ae-6d325050ce29,2009,1,2009-01-31,Monthly,National,cả nước,,,Trade,,Xuất khẩu,Export_Volume,13585.97,1000_ton,Actual,2009_06_PHULUC_T06_2009_PL8b.md,PL8b,"TÌNH HÌNH XUẤT, NHẬP KHẨU NÔNG LÂM THUỶ SẢN",48,0.8,,False,Complete
3dbdab4e-363c-4349-8abd-ca1f7082d5bf,2009,1,2009-01-31,Monthly,National,cả nước,,,Trade,,Xuất khẩu,Export_Value,6653.0,million_USD,Actual,2009_06_PHULUC_T06_2009_PL8b.md,PL8b,"TÌNH HÌNH XUẤT, NHẬP KHẨU NÔNG LÂM THUỶ SẢN",48,0.8,,False,Complete
0149f196-8270-429a-acba-94f9b1dde498,2009,1,2009-01-31,Monthly,National,cả nước,,,Trade,,Xuất khẩu,Export_Volume,210770.0,1000_ton,Actual,2009_07_PHULUC_T07_2009_PL8a.md,PL8a,"TÌNH HÌNH XUẤT, NHẬP KHẨU NÔNG LÂM THUỶ SẢN",5,0.8,,False,Complete
294604dd-01dc-4ca9-8da6-88a4790d6e18,2009,1,2009-01-31,Monthly,National,cả nước,,,Trade,,Xuất khẩu,Export_Value,77932.0,million_USD,Actual,2009_07_PHULUC_T07_2009_PL8a.md,PL8a,"TÌNH HÌNH XUẤT, NHẬP KHẨU NÔNG LÂM THUỶ SẢN",5,0.8,,False,Complete
6ca5e32f-9851-462b-82c4-e5ea342142fe,2009,1,2009-01-31,Monthly,National,cả nước,,,Trade,,Xuất khẩu,Export_Volume,11921.0,1000_ton,Actual,2009_07_PHULUC_T07_2009_PL8a.md,PL8a,"TÌNH HÌNH XUẤT, NHẬP KHẨU NÔNG LÂM THUỶ SẢN",16,0.8,,False,Complete
c5867c18-b233-417b-bde3-0e3ac92efa34,2009,1,2009-01-31,Monthly,National,cả nước,,,Trade,,Xuất khẩu,Export_Value,11076.0,million_USD,Actual,2009_07_PHULUC_T07_2009_PL8a.md,PL8a,"TÌNH HÌNH XUẤT, NHẬP KHẨU NÔNG LÂM THUỶ SẢN",16,0.8,,False,Complete
dd3cff8a-8044-410c-bdeb-9d1e861b6b0f,2009,1,2009-01-31,Monthly,National,cả nước,,,Trade,,Xuất khẩu,Export_Volume,9778.0,1000_ton,Actual,2009_07_PHULUC_T07_2009_PL8a.md,PL8a,"TÌNH HÌNH XUẤT, NHẬP KHẨU NÔNG LÂM THUỶ SẢN",27,0.8,,False,Complete
9553a313-d0e0-4719-8eff-d03145401601,2009,1,2009-01-31,Monthly,National,cả nước,,,Trade,,Xuất khẩu,Export_Value,8141.0,million_USD,Actual,2009_07_PHULUC_T07_2009_PL8a.md,PL8a,"TÌNH HÌNH XUẤT, NHẬP KHẨU NÔNG LÂM THUỶ SẢN",27,0.8,,False,Complete
ad07f058-f1a5-48e9-920d-2ba377a11b0e,2009,1,2009-01-31,Monthly,National,cả nước,,,Trade,,Xuất khẩu,Export_Volume,296535.0,1000_ton,Actual,2009_07_PHULUC_T07_2009_PL8a.md,PL8a,"TÌNH HÌNH XUẤT, NHẬP KHẨU NÔNG LÂM THUỶ SẢN",38,0.8,,False,Complete
129526aa-b843-4b45-9a59-6e5374c5f962,2009,1,2009-01-31,Monthly,National,cả nước,,,Trade,,Xuất khẩu,Export_Value,271175.0,million_USD,Actual,2009_07_PHULUC_T07_2009_PL8a.md,PL8a,"TÌNH HÌNH XUẤT, NHẬP KHẨU NÔNG LÂM THUỶ SẢN",38,0.8,,False,Complete
eb6a304c-e804-45d0-936f-e08544c92265,2009,1,2009-01-31,Monthly,National,cả nước,,,Trade,,Xuất khẩu,Export_Volume,79871.8,1000_ton,Actual,2009_07_PHULUC_T07_2009_PL8b.md,PL8b,"TÌNH HÌNH XUẤT, NHẬP KHẨU NÔNG LÂM THUỶ SẢN",5,0.8,,False,Complete
c9475a32-3a33-44cb-8e67-c0633d6cbdd1,2009,1,2009-01-31,Monthly,National,cả nước,,,Trade,,Xuất khẩu,Export_Value,3244.0,million_USD,Actual,2009_07_PHULUC_T07_2009_PL8b.md,PL8b,"TÌNH HÌNH XUẤT, NHẬP KHẨU NÔNG LÂM THUỶ SẢN",5,0.8,,False,Complete
f4fcda68-d17e-4216-a199-fd30e250fdc5,2009,1,2009-01-31,Monthly,National,cả nước,,,Trade,,Xuất khẩu,Export_Volume,36534.7,1000_ton,Actual,2009_07_PHULUC_T07_2009_PL8b.md,PL8b,"TÌNH HÌNH XUẤT, NHẬP KHẨU NÔNG LÂM THUỶ SẢN",15,0.8,,False,Complete
bc1bf167-b156-465a-ae73-23c675b3582f,2009,1,2009-01-31,Monthly,National,cả nước,,,Trade,,Xuất khẩu,Export_Value,17726.0,million_USD,Actual,2009_07_PHULUC_T07_2009_PL8b.md,PL8b,"TÌNH HÌNH XUẤT, NHẬP KHẨU NÔNG LÂM THUỶ SẢN",15,0.8,,False,Complete
4dc08be1-6e2f-4a70-a224-861cc5ca73d0,2009,1,2009-01-31,Monthly,National,cả nước,,,Trade,,Xuất khẩu,Export_Volume,17016.7,1000_ton,Actual,2009_07_PHULUC_T07_2009_PL8b.md,PL8b,"TÌNH HÌNH XUẤT, NHẬP KHẨU NÔNG LÂM THUỶ SẢN",26,0.8,,False,Complete
f6dc730b-4e07-4bce-8158-44e77c7297b6,2009,1,2009-01-31,Monthly,National,cả nước,,,Trade,,Xuất khẩu,Export_Volume,16718.7,1000_ton,Actual,2009_07_PHULUC_T07_2009_PL8b.md,PL8b,"TÌNH HÌNH XUẤT, NHẬP KHẨU NÔNG LÂM THUỶ SẢN",37,0.8,,False,Complete
b523766e-d568-4056-b2e1-6328296346fc,2009,1,2009-01-31,Monthly,National,cả nước,,,Trade,,Xuất khẩu,Export_Value,8776.0,million_USD,Actual,2009_07_PHULUC_T07_2009_PL8b.md,PL8b,"TÌNH HÌNH XUẤT, NHẬP KHẨU NÔNG LÂM THUỶ SẢN",37,0.8,,False,Complete
82092915-c6c6-4cdd-bed6-8be8fa3ee67b,2009,1,2009-01-31,Monthly,National,cả nước,,,Trade,,Xuất khẩu,Export_Volume,80002.5,1000_ton,Actual,2009_07_PHULUC_T07_2009_PL8b.md,PL8b,"TÌNH HÌNH XUẤT, NHẬP KHẨU NÔNG LÂM THUỶ SẢN",43,0.8,,False,Complete
b14f02a3-077d-4d7b-aab1-1b37240d52dd,2009,1,2009-01-31,Monthly,National,cả nước,,,Trade,,Xuất khẩu,Export_Volume,139761.0,1000_ton,Actual,2009_08_PHULUC_T08_2009_PL8a.md,PL8a,"TÌNH HÌNH XUẤT, NHẬP KHẨU NÔNG LÂM THUỶ SẢN",5,0.8,,False,Complete
d9e5e824-0494-4715-8880-294426bad848,2009,1,2009-01-31,Monthly,National,cả nước,,,Trade,,Xuất khẩu,Export_Value,84056.0,million_USD,Actual,2009_08_PHULUC_T08_2009_PL8a.md,PL8a,"TÌNH HÌNH XUẤT, NHẬP KHẨU NÔNG LÂM THUỶ SẢN",5,0.8,,False,Complete
04e185a2-06ff-4fb5-a3dc-5817a7b60f3d,2009,1,2009-01-31,Monthly,National,cả nước,,,Trade,,Xuất khẩu,Export_Volume,36962.0,1000_ton,Actual,2009_08_PHULUC_T08_2009_PL8a.md,PL8a,"TÌNH HÌNH XUẤT, NHẬP KHẨU NÔNG LÂM THUỶ SẢN",16,0.8,,False,Complete
63d33e65-afef-4ec6-8e19-fb21d6c61c32,2009,1,2009-01-31,Monthly,National,cả nước,,,Trade,,Xuất khẩu,Export_Value,15657.0,million_USD,Actual,2009_08_PHULUC_T08_2009_PL8a.md,PL8a,"TÌNH HÌNH XUẤT, NHẬP KHẨU NÔNG LÂM THUỶ SẢN",16,0.8,,False,Complete
92288125-bff3-4545-997f-1ee8581a5556,2009,1,2009-01-31,Monthly,National,cả nước,,,Trade,,Xuất khẩu,Export_Volume,12684.0,1000_ton,Actual,2009_08_PHULUC_T08_2009_PL8a.md,PL8a,"TÌNH HÌNH XUẤT, NHẬP KHẨU NÔNG LÂM THUỶ SẢN",27,0.8,,False,Complete
a352083c-d596-4180-9687-c416d7b402b1,2009,1,2009-01-31,Monthly,National,cả nước,,,Trade,,Xuất khẩu,Export_Value,10718.0,million_USD,Actual,2009_08_PHULUC_T08_2009_PL8a.md,PL8a,"TÌNH HÌNH XUẤT, NHẬP KHẨU NÔNG LÂM THUỶ SẢN",27,0.8,,False,Complete
898e6177-1cf0-4b0d-be5d-6523993c1665,2009,1,2009-01-31,Monthly,National,cả nước,,,Trade,,Xuất khẩu,Export_Volume,388583.0,1000_ton,Actual,2009_08_PHULUC_T08_2009_PL8a.md,PL8a,"TÌNH HÌNH XUẤT, NHẬP KHẨU NÔNG LÂM THUỶ SẢN",38,0.8,,False,Complete
6d8092f2-c1c9-4aae-9a96-6d48d8700e04,2009,1,2009-01-31,Monthly,National,cả nước,,,Trade,,Xuất khẩu,Export_Value,352325.0,million_USD,Actual,2009_08_PHULUC_T08_2009_PL8a.md,PL8a,"TÌNH HÌNH XUẤT, NHẬP KHẨU NÔNG LÂM THUỶ SẢN",38,0.8,,False,Complete
526804c8-d11e-4846-ba55-4479fc6c7c53,2009,1,2009-01-31,Monthly,National,cả nước,,,Trade,,Xuất khẩu,Export_Volume,5063.0,1000_ton,Actual,2009_08_PHULUC_T08_2009_PL8b.md,PL8b,"TÌNH HÌNH XUẤT, NHẬP KHẨU NÔNG LÂM THUỶ SẢN",5,0.8,,False,Complete
5c11b917-02b0-4abf-bdd5-6f80bbe01583,2009,1,2009-01-31,Monthly,National,cả nước,,,Trade,,Xuất khẩu,Export_Value,5938.0,million_USD,Actual,2009_08_PHULUC_T08_2009_PL8b.md,PL8b,"TÌNH HÌNH XUẤT, NHẬP KHẨU NÔNG LÂM THUỶ SẢN",5,0.8,,False,Complete
819e3a94-3e11-4ae0-bb5a-a24cbcfb35ce,2009,1,2009-01-31,Monthly,National,cả nước,,,Trade,,Xuất khẩu,Export_Volume,44827.0,1000_ton,Actual,2009_08_PHULUC_T08_2009_PL8b.md,PL8b,"TÌNH HÌNH XUẤT, NHẬP KHẨU NÔNG LÂM THUỶ SẢN",16,0.8,,False,Complete
4f5dccda-2690-4fb7-9ae6-6fe217314639,2009,1,2009-01-31,Monthly,National,cả nước,,,Trade,,Xuất khẩu,Export_Value,23068.0,million_USD,Actual,2009_08_PHULUC_T08_2009_PL8b.md,PL8b,"TÌNH HÌNH XUẤT, NHẬP KHẨU NÔNG LÂM THUỶ SẢN",16,0.8,,False,Complete
9daac3f5-7cb6-4ddc-acfe-7c1b467c3976,2009,1,2009-01-31,Monthly,National,cả nước,,,Trade,,Xuất khẩu,Export_Volume,23595.0,1000_ton,Actual,2009_08_PHULUC_T08_2009_PL8b.md,PL8b,"TÌNH HÌNH XUẤT, NHẬP KHẨU NÔNG LÂM THUỶ SẢN",27,0.8,,False,Complete
ebd679e5-de1b-4e34-83b5-35e6ddb420b3,2009,1,2009-01-31,Monthly,National,cả nước,,,Trade,,Xuất khẩu,Export_Volume,75342.0,1000_ton,Actual,2009_08_PHULUC_T08_2009_PL8b.md,PL8b,"TÌNH HÌNH XUẤT, NHẬP KHẨU NÔNG LÂM THUỶ SẢN",38,0.8,,False,Complete
480b7f02-4b25-457e-828a-62817b839cd3,2009,1,2009-01-31,Monthly,National,cả nước,,,Trade,,Xuất khẩu,Export_Volume,17255.0,1000_ton,Actual,2009_08_PHULUC_T08_2009_PL8b.md,PL8b,"TÌNH HÌNH XUẤT, NHẬP KHẨU NÔNG LÂM THUỶ SẢN",49,0.8,,False,Complete
9408b3ba-c12b-4292-aed3-33730675f50a,2009,1,2009-01-31,Monthly,National,cả nước,,,Trade,,Xuất khẩu,Export_Value,10084.0,million_USD,Actual,2009_08_PHULUC_T08_2009_PL8b.md,PL8b,"TÌNH HÌNH XUẤT, NHẬP KHẨU NÔNG LÂM THUỶ SẢN",49,0.8,,False,Complete
984acd92-5aa8-4661-a1d8-8cc281ec8caa,2009,1,2009-01-31,Monthly,National,cả nước,,,Trade,,Xuất khẩu,Export_Value,387.0,million_USD,Actual,2009_03_PHULUC_T03_2009_FINAL_PL8.md,PL8,"TÌNH HÌNH XUẤT, NHẬP KHẨU NÔNG LÂM THUỶ SẢN",15,0.8,,False,Complete
63eb406f-d0d8-498d-aa05-e3773dda9318,2009,1,2009-01-31,Monthly,National,cả nước,,,Trade,,Xuất khẩu,Export_Value,191.0,million_USD,Actual,2009_06_PHULUC_T06_2009_PL8.md,PL8,"TÌNH HÌNH XUẤT, NHẬP KHẨU NÔNG LÂM THUỶ SẢN",15,0.8,,False,Complete
2cc8c174-6978-4a9b-8f2e-6703d107d7ab,2009,1,2009-01-31,Monthly,National,cả nước,,,Trade,,Xuất khẩu,Export_Value,612.0,million_USD,Actual,2009_04_PHULUC_T04_2009_PL8.md,PL8,"TÌNH HÌNH XUẤT, NHẬP KHẨU NÔNG LÂM THUỶ SẢN",15,0.8,,False,Complete
5b093887-ce16-45a4-92f7-809e17c5f06f,2009,1,2009-01-31,Monthly,National,cả nước,,,Trade,,Xuất khẩu,Export_Value,823.0,million_USD,Actual,2009_05_PHULUC_T05_2009_PL8.md,PL8,"TÌNH HÌNH XUẤT, NHẬP KHẨU NÔNG LÂM THUỶ SẢN",15,0.8,,False,Complete
465b295f-95ed-4cd7-9e78-23d093b023bc,2009,1,2009-01-31,Monthly,National,cả nước,,,Trade,,Xuất khẩu,Export_Value,202.0,million_USD,Actual,2009_07_PHULUC_T07_2009_PL8.md,PL8,"TÌNH HÌNH XUẤT, NHẬP KHẨU NÔNG LÂM THUỶ SẢN",15,0.8,,False,Complete
2da0ea64-bf26-4ed7-bef6-007cd1391c69,2009,1,2009-01-31,Monthly,National,cả nước,,,Trade,,Xuất khẩu,Export_Value,231.0,million_USD,Actual,2009_10_PHULUC_T10_2009_FINAL_PL8.md,PL8,"TÌNH HÌNH XUẤT, NHẬP KHẨU NÔNG LÂM THUỶ SẢN",15,0.8,,False,Complete
a32d58e9-1f44-4fc9-bae7-2d61e0def4af,2009,1,2009-01-31,Monthly,National,cả nước,,,Trade,,Xuất khẩu,Export_Value,225.0,million_USD,Actual,2009_08_PHULUC_T08_2009_PL8.md,PL8,"TÌNH HÌNH XUẤT, NHẬP KHẨU NÔNG LÂM THUỶ SẢN",15,0.8,,False,Complete
a4565184-e8e6-4019-bc01-88754ef6aa1d,2009,1,2009-01-31,Monthly,National,cả nước,,,Trade,,Xuất khẩu,Export_Value,230203.2,million_USD,Actual,2009_02_PHULUC_t02_2009_FINAL_PL8.md,PL8,"TÌNH HÌNH XUẤT, NHẬP KHẨU NÔNG LÂM THUỶ SẢN",14,0.8,,False,Complete
b0d35d96-4749-4998-a229-f39befa70a71,2009,1,2009-01-31,Monthly,National,cả nước,,,Trade,,Xuất khẩu,Export_Volume,20.0,1000_ton,Actual,2009_12_Phuluc_T12_2009_PL8.md,PL8,"TÌNH HÌNH XUẤT, NHẬP KHẨU NÔNG LÂM THUỶ SẢN",5,0.8,,False,Complete
84088b28-c17f-4b2a-a5ff-f390546084d9,2009,1,2009-01-31,Monthly,National,cả nước,,,Trade,,Xuất khẩu,Export_Value,20.0,million_USD,Actual,2009_12_Phuluc_T12_2009_PL8.md,PL8,"TÌNH HÌNH XUẤT, NHẬP KHẨU NÔNG LÂM THUỶ SẢN",5,0.8,,False,Complete
19ade63a-9c04-4990-823c-584a5e0096e9,2009,1,2009-01-31,Monthly,National,cả nước,,,Trade,,Xuất khẩu,Export_Volume,420.0,1000_ton,Actual,2009_12_Phuluc_T12_2009_PL8.md,PL8,"TÌNH HÌNH XUẤT, NHẬP KHẨU NÔNG LÂM THUỶ SẢN",6,0.8,,False,Complete
847e76f7-1648-4d5b-97b3-f94168b79835,2009,1,2009-01-31,Monthly,National,cả nước,,,Trade,,Xuất khẩu,Export_Value,682.0,million_USD,Actual,2009_12_Phuluc_T12_2009_PL8.md,PL8,"TÌNH HÌNH XUẤT, NHẬP KHẨU NÔNG LÂM THUỶ SẢN",6,0.8,,False,Complete
b5ee953d-1480-42eb-be11-88b053c768fd,2009,1,2009-01-31,Monthly,National,cả nước,,,Trade,,Xuất khẩu,Export_Volume,1150.0,1000_ton,Actual,2009_12_Phuluc_T12_2009_PL8.md,PL8,"TÌNH HÌNH XUẤT, NHẬP KHẨU NÔNG LÂM THUỶ SẢN",7,0.8,,False,Complete
91735c38-3aec-4a9d-b227-daa86bad7c04,2009,1,2009-01-31,Monthly,National,cả nước,,,Trade,,Xuất khẩu,Export_Value,3000.0,million_USD,Actual,2009_12_Phuluc_T12_2009_PL8.md,PL8,"TÌNH HÌNH XUẤT, NHẬP KHẨU NÔNG LÂM THUỶ SẢN",7,0.8,,False,Complete
8af55056-c011-49bc-948f-e66ba4b1a0ee,2009,1,2009-01-31,Monthly,National,cả nước,,,Trade,,Xuất khẩu,Export_Volume,881.0,1000_ton,Actual,2009_12_Phuluc_T12_2009_PL8.md,PL8,"TÌNH HÌNH XUẤT, NHẬP KHẨU NÔNG LÂM THUỶ SẢN",8,0.8,,False,Complete
f341e3fe-2264-4d99-b1f6-67ab1f221b63,2009,1,2009-01-31,Monthly,National,cả nước,,,Trade,,Xuất khẩu,Export_Value,4316.0,million_USD,Actual,2009_12_Phuluc_T12_2009_PL8.md,PL8,"TÌNH HÌNH XUẤT, NHẬP KHẨU NÔNG LÂM THUỶ SẢN",8,0.8,,False,Complete
89594dce-0394-47ed-bef6-76ea4e69ae0e,2009,1,2009-01-31,Monthly,National,cả nước,,,Trade,,Xuất khẩu,Export_Volume,824.0,1000_ton,Actual,2009_12_Phuluc_T12_2009_PL8.md,PL8,"TÌNH HÌNH XUẤT, NHẬP KHẨU NÔNG LÂM THUỶ SẢN",9,0.8,,False,Complete
df1f30e0-f95f-4980-968b-fde98f582c95,2009,1,2009-01-31,Monthly,National,cả nước,,,Trade,,Xuất khẩu,Export_Value,2900.0,million_USD,Actual,2009_12_Phuluc_T12_2009_PL8.md,PL8,"TÌNH HÌNH XUẤT, NHẬP KHẨU NÔNG LÂM THUỶ SẢN",9,0.8,,False,Complete
68002e8d-ded4-47a9-9a61-d81f2f2f2945,2009,1,2009-01-31,Monthly,National,cả nước,,,Trade,,Xuất khẩu,Export_Volume,201.0,1000_ton,Actual,2009_12_Phuluc_T12_2009_PL8.md,PL8,"TÌNH HÌNH XUẤT, NHẬP KHẨU NÔNG LÂM THUỶ SẢN",10,0.8,,False,Complete
5a3c2176-d247-4fd9-bfa0-da14a0402d2e,2009,1,2009-01-31,Monthly,National,cả nước,,,Trade,,Xuất khẩu,Export_Value,980.0,million_USD,Actual,2009_12_Phuluc_T12_2009_PL8.md,PL8,"TÌNH HÌNH XUẤT, NHẬP KHẨU NÔNG LÂM THUỶ SẢN",10,0.8,,False,Complete
7de70dce-cd3e-49c3-b176-9abc27c3e5b3,2009,1,2009-01-31,Monthly,National,cả nước,,,Trade,,Xuất khẩu,Export_Volume,765.0,1000_ton,Actual,2009_12_Phuluc_T12_2009_PL8.md,PL8,"TÌNH HÌNH XUẤT, NHẬP KHẨU NÔNG LÂM THUỶ SẢN",12,0.8,,False,Complete
40286cd9-c5d7-4537-b273-18f0a2dc3b05,2009,1,2009-01-31,Monthly,National,cả nước,,,Trade,,Xuất khẩu,Export_Value,3525.0,million_USD,Actual,2009_12_Phuluc_T12_2009_PL8.md,PL8,"TÌNH HÌNH XUẤT, NHẬP KHẨU NÔNG LÂM THUỶ SẢN",12,0.8,,False,Complete
55e9faf4-d1dd-4880-91b8-2b1a091464be,2009,1,2009-01-31,Monthly,National,cả nước,,,Trade,,Xuất khẩu,Export_Volume,689.0,1000_ton,Actual,2009_12_Phuluc_T12_2009_PL8.md,PL8,"TÌNH HÌNH XUẤT, NHẬP KHẨU NÔNG LÂM THUỶ SẢN",13,0.8,,False,Complete
8f8f8360-a99e-4d14-8805-58a333c2fcae,2009,1,2009-01-31,Monthly,National,cả nước,,,Trade,,Xuất khẩu,Export_Value,1254.0,million_USD,Actual,2009_12_Phuluc_T12_2009_PL8.md,PL8,"TÌNH HÌNH XUẤT, NHẬP KHẨU NÔNG LÂM THUỶ SẢN",13,0.8,,False,Complete
938c5244-c22f-46fc-b78f-33380c5f98cd,2009,1,2009-01-31,Monthly,National,cả nước,,,Trade,,Xuất khẩu,Export_Volume,81301.0,1000_ton,Actual,2009_06_PHULUC_T06_2009_PL8a.md,PL8a,"TÌNH HÌNH XUẤT, NHẬP KHẨU NÔNG LÂM THUỶ SẢN",6,0.8,,False,Complete
d5cd0b1f-f5e5-4427-9e02-e8db33980b84,2009,1,2009-01-31,Monthly,National,cả nước,,,Trade,,Xuất khẩu,Export_Value,62144.0,million_USD,Actual,2009_06_PHULUC_T06_2009_PL8a.md,PL8a,"TÌNH HÌNH XUẤT, NHẬP KHẨU NÔNG LÂM THUỶ SẢN",6,0.8,,False,Complete
5f48d0f0-9867-4f09-a81b-d7118bf222dc,2009,1,2009-01-31,Monthly,National,cả nước,,,Trade,,Xuất khẩu,Export_Volume,17906.0,1000_ton,Actual,2009_06_PHULUC_T06_2009_PL8a.md,PL8a,"TÌNH HÌNH XUẤT, NHẬP KHẨU NÔNG LÂM THUỶ SẢN",17,0.8,,False,Complete
9087a8ca-915b-4a2c-ab17-3f0ae4f052dd,2009,1,2009-01-31,Monthly,National,cả nước,,,Trade,,Xuất khẩu,Export_Value,4747.0,million_USD,Actual,2009_06_PHULUC_T06_2009_PL8a.md,PL8a,"TÌNH HÌNH XUẤT, NHẬP KHẨU NÔNG LÂM THUỶ SẢN",17,0.8,,False,Complete
bc466982-4bfd-4c34-bb8c-cc1724fb642f,2009,1,2009-01-31,Monthly,National,cả nước,,,Trade,,Xuất khẩu,Export_Volume,2107.0,1000_ton,Actual,2009_06_PHULUC_T06_2009_PL8a.md,PL8a,"TÌNH HÌNH XUẤT, NHẬP KHẨU NÔNG LÂM THUỶ SẢN",27,0.8,,False,Complete
1dcb08e3-ac2b-4b4c-8d8f-9ca8d8a23d6b,2009,1,2009-01-31,Monthly,National,cả nước,,,Trade,,Xuất khẩu,Export_Value,2423.0,million_USD,Actual,2009_06_PHULUC_T06_2009_PL8a.md,PL8a,"TÌNH HÌNH XUẤT, NHẬP KHẨU NÔNG LÂM THUỶ SẢN",27,0.8,,False,Complete
ef493d1b-e13d-4279-b2e5-ed147193e33d,2009,1,2009-01-31,Monthly,National,cả nước,,,Trade,,Xuất khẩu,Export_Volume,48130.0,1000_ton,Actual,2009_06_PHULUC_T06_2009_PL8a.md,PL8a,"TÌNH HÌNH XUẤT, NHẬP KHẨU NÔNG LÂM THUỶ SẢN",38,0.8,,False,Complete
a825a79b-70b8-46a6-b988-c2abbf7c183c,2009,1,2009-01-31,Monthly,National,cả nước,,,Trade,,Xuất khẩu,Export_Value,168000.0,million_USD,Actual,2009_06_PHULUC_T06_2009_PL8a.md,PL8a,"TÌNH HÌNH XUẤT, NHẬP KHẨU NÔNG LÂM THUỶ SẢN",38,0.8,,False,Complete
ee03b172-de27-4957-8cbc-d67720a96226,2009,1,2009-01-31,Monthly,National,cả nước,,,Trade,,Xuất khẩu,Export_Volume,69883.0,1000_ton,Actual,2009_06_PHULUC_T06_2009_PL8b.md,PL8b,"TÌNH HÌNH XUẤT, NHẬP KHẨU NÔNG LÂM THUỶ SẢN",6,0.8,,False,Complete
db20f8e4-8b11-4e73-af01-1612168aa5a8,2009,1,2009-01-31,Monthly,National,cả nước,,,Trade,,Xuất khẩu,Export_Value,1804.0,million_USD,Actual,2009_06_PHULUC_T06_2009_PL8b.md,PL8b,"TÌNH HÌNH XUẤT, NHẬP KHẨU NÔNG LÂM THUỶ SẢN",6,0.8,,False,Complete
40b12d85-4a10-481e-9705-c314cb13ae51,2009,1,2009-01-31,Monthly,National,cả nước,,,Trade,,Xuất khẩu,Export_Volume,33086.11,1000_ton,Actual,2009_06_PHULUC_T06_2009_PL8b.md,PL8b,"TÌNH HÌNH XUẤT, NHẬP KHẨU NÔNG LÂM THUỶ SẢN",16,0.8,,False,Complete
f7d2eea0-0cc7-4f7f-b5d6-4b86ea65a61e,2009,1,2009-01-31,Monthly,National,cả nước,,,Trade,,Xuất khẩu,Export_Value,7170.0,million_USD,Actual,2009_06_PHULUC_T06_2009_PL8b.md,PL8b,"TÌNH HÌNH XUẤT, NHẬP KHẨU NÔNG LÂM THUỶ SẢN",16,0.8,,False,Complete
8c077b29-4dc5-4477-8b3b-11193df4a104,2009,1,2009-01-31,Monthly,National,cả nước,,,Trade,,Xuất khẩu,Export_Volume,10625.52,1000_ton,Actual,2009_06_PHULUC_T06_2009_PL8b.md,PL8b,"TÌNH HÌNH XUẤT, NHẬP KHẨU NÔNG LÂM THUỶ SẢN",27,0.8,,False,Complete
5c92b8ef-7cc9-43d9-9c5f-b1ad59cd6aba,2009,1,2009-01-31,Monthly,National,cả nước,,,Trade,,Xuất khẩu,Export_Volume,48882.37,1000_ton,Actual,2009_06_PHULUC_T06_2009_PL8b.md,PL8b,"TÌNH HÌNH XUẤT, NHẬP KHẨU NÔNG LÂM THUỶ SẢN",38,0.8,,False,Complete
fa9ab24e-9b37-448f-a637-42a81a70dae9,2009,1,2009-01-31,Monthly,National,cả nước,,,Trade,,Xuất khẩu,Export_Volume,5486.208,1000_ton,Actual,2009_06_PHULUC_T06_2009_PL8b.md,PL8b,"TÌNH HÌNH XUẤT, NHẬP KHẨU NÔNG LÂM THUỶ SẢN",49,0.8,,False,Complete
ebf799b5-2f8c-4999-98d6-95a827956b1f,2009,1,2009-01-31,Monthly,National,cả nước,,,Trade,,Xuất khẩu,Export_Value,198.0,million_USD,Actual,2009_06_PHULUC_T06_2009_PL8b.md,PL8b,"TÌNH HÌNH XUẤT, NHẬP KHẨU NÔNG LÂM THUỶ SẢN",49,0.8,,False,Complete
0fbf7ef0-d9e7-4b4a-a8c4-d37bd2ab0d9f,2009,1,2009-01-31,Monthly,National,cả nước,,,Trade,,Xuất khẩu,Export_Volume,92595.0,1000_ton,Actual,2009_07_PHULUC_T07_2009_PL8a.md,PL8a,"TÌNH HÌNH XUẤT, NHẬP KHẨU NÔNG LÂM THUỶ SẢN",6,0.8,,False,Complete
a2e5a426-007b-4ed1-8d22-b44fed01c9d2,2009,1,2009-01-31,Monthly,National,cả nước,,,Trade,,Xuất khẩu,Export_Value,68677.0,million_USD,Actual,2009_07_PHULUC_T07_2009_PL8a.md,PL8a,"TÌNH HÌNH XUẤT, NHẬP KHẨU NÔNG LÂM THUỶ SẢN",6,0.8,,False,Complete
0a66dc53-d22d-4422-ae03-77826701ca0a,2009,1,2009-01-31,Monthly,National,cả nước,,,Trade,,Xuất khẩu,Export_Volume,20329.0,1000_ton,Actual,2009_07_PHULUC_T07_2009_PL8a.md,PL8a,"TÌNH HÌNH XUẤT, NHẬP KHẨU NÔNG LÂM THUỶ SẢN",17,0.8,,False,Complete
a26fa458-edce-4532-b367-766387e885c0,2009,1,2009-01-31,Monthly,National,cả nước,,,Trade,,Xuất khẩu,Export_Value,7809.0,million_USD,Actual,2009_07_PHULUC_T07_2009_PL8a.md,PL8a,"TÌNH HÌNH XUẤT, NHẬP KHẨU NÔNG LÂM THUỶ SẢN",17,0.8,,False,Complete
417f1626-8179-4240-8f6f-44a43b9d0cdc,2009,1,2009-01-31,Monthly,National,cả nước,,,Trade,,Xuất khẩu,Export_Volume,3185.0,1000_ton,Actual,2009_07_PHULUC_T07_2009_PL8a.md,PL8a,"TÌNH HÌNH XUẤT, NHẬP KHẨU NÔNG LÂM THUỶ SẢN",28,0.8,,False,Complete
60744e06-8227-45ee-9f4e-3ad22fb54d1b,2009,1,2009-01-31,Monthly,National,cả nước,,,Trade,,Xuất khẩu,Export_Value,3258.0,million_USD,Actual,2009_07_PHULUC_T07_2009_PL8a.md,PL8a,"TÌNH HÌNH XUẤT, NHẬP KHẨU NÔNG LÂM THUỶ SẢN",28,0.8,,False,Complete
129715a4-5d31-4678-aedf-31c7a68c2448,2009,1,2009-01-31,Monthly,National,cả nước,,,Trade,,Xuất khẩu,Export_Volume,48130.0,1000_ton,Actual,2009_07_PHULUC_T07_2009_PL8a.md,PL8a,"TÌNH HÌNH XUẤT, NHẬP KHẨU NÔNG LÂM THUỶ SẢN",39,0.8,,False,Complete
62d3da7d-2723-4a9d-be5d-1aa653d45cd6,2009,1,2009-01-31,Monthly,National,cả nước,,,Trade,,Xuất khẩu,Export_Value,168000.0,million_USD,Actual,2009_07_PHULUC_T07_2009_PL8a.md,PL8a,"TÌNH HÌNH XUẤT, NHẬP KHẨU NÔNG LÂM THUỶ SẢN",39,0.8,,False,Complete